Location,Period,acute_lower_respiratoryinfections_per100k,chronic_obstructive_pulmonary_disease_per100k,ischaemic_heart_disease_per100k,stroke_per100k,trachea_bronchus_lung_cancers_per100k
Afghanistan,2010,25.39,11.25,92.98,36.44,1.62
Afghanistan,2011,23.84,10.85,90.62,35.29,1.59
Afghanistan,2012,23.14,10.74,89.56,34.91,1.61
Afghanistan,2013,23.6,10.85,89.38,35.08,1.67
Afghanistan,2014,21.54,10.35,86.85,33.79,1.61
Afghanistan,2015,20.31,10.11,86.17,33.35,1.6
Afghanistan,2016,19.62,9.85,85.13,32.69,1.56
Afghanistan,2017,18.83,9.66,84.62,32.15,1.52
Afghanistan,2018,18.95,10.12,86.45,33.24,1.66
Afghanistan,2019,18.09,9.47,83.95,31.67,1.54
Albania,2010,2.14,1.66,28.01,15.6,2.67
Albania,2011,2.07,1.69,27.02,15.26,2.64
Albania,2012,2.12,1.86,29.48,17.53,2.31
Albania,2013,1.91,1.69,27.48,16.03,2.04
Albania,2014,1.85,1.67,27.14,15.79,1.94
Albania,2015,1.93,1.79,28.86,16.96,1.98
Albania,2016,1.97,1.82,29.71,17.47,1.84
Albania,2017,2.19,2.0,32.03,19.15,1.91
Albania,2018,2.4,2.17,34.22,20.78,1.97
Albania,2019,2.2,1.99,33.62,19.72,1.63
Algeria,2010,4.09,1.93,34.61,9.78,1.11
Algeria,2011,4.03,1.93,34.38,9.71,1.12
Algeria,2012,4.09,1.98,34.41,9.79,1.16
Algeria,2013,3.87,1.87,33.14,9.26,1.08
Algeria,2014,4.05,1.93,33.44,9.44,1.13
Algeria,2015,4.02,1.91,33.05,9.27,1.12
Algeria,2016,3.97,1.92,32.95,9.22,1.14
Algeria,2017,3.89,1.93,32.93,9.19,1.15
Algeria,2018,3.73,1.91,32.85,9.07,1.12
Algeria,2019,3.64,1.91,32.8,9.0,1.11
Angola,2010,26.18,4.71,23.1,16.28,0.35
Angola,2011,24.96,4.56,22.51,15.85,0.36
Angola,2012,24.23,4.48,22.69,15.86,0.36
Angola,2013,23.24,4.42,22.57,15.79,0.37
Angola,2014,20.75,4.14,21.39,14.86,0.36
Angola,2015,21.2,4.16,21.72,15.07,0.38
Angola,2016,20.89,4.15,21.72,15.04,0.39
Angola,2017,19.92,3.99,21.34,14.54,0.39
Angola,2018,19.69,3.98,21.56,14.55,0.4
Angola,2019,20.27,4.08,22.19,14.98,0.41
Antigua and Barbuda,2010,2.09,0.89,14.29,3.99,0.26
Antigua and Barbuda,2011,1.89,0.84,13.3,4.02,0.21
Antigua and Barbuda,2012,1.2,1.11,13.28,4.25,0.24
Antigua and Barbuda,2013,1.31,1.0,12.64,4.67,0.18
Antigua and Barbuda,2014,2.11,1.06,12.39,5.33,0.11
Antigua and Barbuda,2015,2.3,1.09,11.72,5.65,0.19
Antigua and Barbuda,2016,2.19,1.12,12.07,4.98,0.21
Antigua and Barbuda,2017,1.66,1.15,12.34,5.07,0.27
Antigua and Barbuda,2018,2.03,1.09,11.85,5.18,0.22
Antigua and Barbuda,2019,1.87,1.01,11.36,4.85,0.19
Argentina,2010,5.54,4.5,17.73,4.19,1.23
Argentina,2011,5.52,4.49,17.45,3.94,1.25
Argentina,2012,5.35,4.15,16.63,3.78,1.18
Argentina,2013,6.58,4.35,16.51,3.96,1.28
Argentina,2014,6.45,4.04,14.75,3.99,1.21
Argentina,2015,7.35,4.05,14.91,4.24,1.28
Argentina,2016,8.74,4.12,15.28,4.26,1.21
Argentina,2017,7.97,3.74,13.56,3.71,1.11
Argentina,2018,7.21,3.46,13.03,3.42,1.01
Argentina,2019,7.78,3.29,13.04,3.46,0.95
Armenia,2010,4.62,5.3,55.02,13.79,5.37
Armenia,2011,4.4,5.62,54.93,13.97,5.87
Armenia,2012,4.05,5.18,55.39,13.07,5.55
Armenia,2013,4.32,4.87,53.59,11.44,4.88
Armenia,2014,4.32,5.32,53.2,11.46,5.06
Armenia,2015,5.07,5.92,49.49,10.27,5.22
Armenia,2016,6.11,5.28,52.89,10.02,4.8
Armenia,2017,6.01,3.56,53.73,9.7,4.29
Armenia,2018,9.27,3.05,53.29,7.58,3.91
Armenia,2019,7.06,3.34,47.91,7.98,3.62
Australia,2010,0.52,1.04,8.6,1.93,0.84
Australia,2011,0.47,0.97,7.91,1.73,0.7
Australia,2012,0.46,0.84,6.77,1.48,0.57
Australia,2013,0.42,0.86,6.43,1.38,0.55
Australia,2014,0.43,0.86,6.19,1.31,0.49
Australia,2015,0.41,0.79,5.7,1.2,0.44
Australia,2016,0.44,0.78,5.46,1.17,0.43
Australia,2017,0.58,0.84,5.42,1.16,0.44
Australia,2018,0.43,0.81,5.1,1.16,0.48
Australia,2019,0.71,1.1,5.91,1.39,0.69
Austria,2010,0.85,1.95,17.49,2.96,1.79
Austria,2011,0.85,1.93,16.97,2.84,1.79
Austria,2012,0.61,1.78,16.31,2.76,1.59
Austria,2013,0.54,1.83,15.87,2.68,1.53
Austria,2014,0.46,1.56,14.52,2.4,1.46
Austria,2015,0.68,1.85,15.47,2.53,1.5
Austria,2016,0.61,1.6,13.81,2.09,1.34
Austria,2017,0.86,1.76,13.56,2.1,1.29
Austria,2018,1.02,1.77,13.37,2.02,1.37
Austria,2019,0.75,1.59,12.05,1.92,1.17
Azerbaijan,2010,7.33,3.65,89.39,28.11,1.7
Azerbaijan,2011,7.45,3.96,93.24,29.26,1.91
Azerbaijan,2012,7.01,3.99,94.0,28.78,1.92
Azerbaijan,2013,6.33,3.87,93.06,27.5,1.81
Azerbaijan,2014,5.75,3.83,93.59,26.87,1.74
Azerbaijan,2015,5.41,3.81,93.12,26.2,1.71
Azerbaijan,2016,5.17,3.79,93.38,25.61,1.67
Azerbaijan,2017,4.9,3.71,92.75,24.78,1.62
Azerbaijan,2018,4.59,3.49,87.67,23.05,1.56
Azerbaijan,2019,4.21,3.23,83.51,21.3,1.43
Bahamas,2010,0.82,0.22,6.27,1.81,0.07
Bahamas,2011,0.76,0.21,6.08,1.74,0.067
Bahamas,2012,0.97,0.26,7.21,2.13,0.086
Bahamas,2013,0.83,0.22,6.21,1.83,0.072
Bahamas,2014,0.96,0.26,7.01,2.09,0.086
Bahamas,2015,0.95,0.26,7.11,2.08,0.085
Bahamas,2016,1.1,0.29,7.97,2.36,0.098
Bahamas,2017,1.22,0.33,8.58,2.59,0.11
Bahamas,2018,1.14,0.3,8.26,2.46,0.1
Bahamas,2019,0.91,0.25,7.11,2.07,0.079
Bahrain,2010,9.48,10.11,53.5,13.25,3.43
Bahrain,2011,8.24,8.61,48.3,12.11,3.03
Bahrain,2012,7.33,7.41,43.97,11.21,2.7
Bahrain,2013,6.8,6.46,40.03,10.3,2.49
Bahrain,2014,6.2,5.89,37.47,9.59,2.34
Bahrain,2015,6.11,6.02,37.62,9.58,2.57
Bahrain,2016,6.0,5.97,37.78,9.51,2.5
Bahrain,2017,6.3,6.33,39.67,9.99,2.64
Bahrain,2018,6.63,6.71,41.8,10.49,2.77
Bahrain,2019,6.52,6.62,41.94,10.35,2.73
Bangladesh,2010,10.54,12.75,26.36,31.45,2.01
Bangladesh,2011,9.34,11.06,24.16,27.93,1.95
Bangladesh,2012,8.72,9.79,22.67,25.25,1.92
Bangladesh,2013,8.63,9.73,22.77,25.01,1.95
Bangladesh,2014,8.47,9.72,23.09,24.77,1.93
Bangladesh,2015,8.07,9.26,23.04,23.92,1.89
Bangladesh,2016,7.6,9.03,22.87,23.01,1.83
Bangladesh,2017,7.68,9.42,24.07,23.56,1.82
Bangladesh,2018,7.93,9.91,25.1,24.18,1.97
Bangladesh,2019,7.39,9.38,24.83,22.91,1.85
Barbados,2010,2.85,0.88,9.13,4.39,0.31
Barbados,2011,3.02,0.8,8.4,4.57,0.32
Barbados,2012,3.09,0.8,8.52,4.78,0.32
Barbados,2013,3.04,0.74,8.72,4.73,0.3
Barbados,2014,3.29,0.84,8.9,4.96,0.35
Barbados,2015,3.52,0.88,9.07,5.14,0.37
Barbados,2016,3.48,0.87,9.08,5.11,0.36
Barbados,2017,3.66,0.91,9.27,5.29,0.39
Barbados,2018,3.51,0.89,9.15,5.15,0.37
Barbados,2019,3.38,0.87,9.17,5.07,0.34
Belarus,2010,2.03,2.06,74.55,15.02,2.12
Belarus,2011,1.87,1.77,71.2,13.76,1.89
Belarus,2012,1.54,1.57,65.86,12.42,1.63
Belarus,2013,1.49,1.47,66.09,12.25,1.59
Belarus,2014,1.44,1.44,64.74,12.0,1.62
Belarus,2015,1.24,1.37,60.11,11.0,1.41
Belarus,2016,1.13,1.29,56.78,10.2,1.27
Belarus,2017,1.08,1.27,54.85,9.83,1.22
Belarus,2018,1.18,1.42,56.78,10.49,1.39
Belarus,2019,1.1,1.37,53.91,9.93,1.32
Belgium,2010,2.49,2.87,12.41,3.22,2.6
Belgium,2011,2.36,2.77,11.48,3.1,2.59
Belgium,2012,2.25,2.68,10.85,2.89,2.16
Belgium,2013,2.36,2.59,10.32,2.77,2.14
Belgium,2014,1.86,2.15,9.31,2.5,1.91
Belgium,2015,2.3,2.34,9.54,2.5,1.84
Belgium,2016,2.01,2.07,8.65,2.35,1.67
Belgium,2017,2.08,2.09,8.79,2.32,1.66
Belgium,2018,2.07,2.03,8.57,2.25,1.6
Belgium,2019,1.93,1.86,8.06,2.07,1.43
Belize,2010,3.41,1.26,11.4,3.86,0.47
Belize,2011,3.32,1.21,10.94,3.71,0.45
Belize,2012,3.41,1.25,10.8,3.75,0.47
Belize,2013,3.42,1.27,10.72,3.74,0.48
Belize,2014,3.68,1.41,11.34,4.04,0.52
Belize,2015,3.78,1.49,11.44,4.08,0.55
Belize,2016,3.74,1.47,11.18,4.03,0.54
Belize,2017,3.92,1.51,11.63,4.19,0.56
Belize,2018,3.77,1.45,11.51,4.07,0.54
Belize,2019,3.71,1.41,11.46,4.02,0.52
Benin,2010,33.99,4.96,27.26,20.56,0.14
Benin,2011,33.49,5.01,27.49,20.6,0.14
Benin,2012,33.06,5.02,27.7,20.61,0.15
Benin,2013,31.99,4.88,27.39,20.19,0.14
Benin,2014,31.59,4.82,27.18,20.04,0.14
Benin,2015,32.09,4.87,27.91,20.5,0.15
Benin,2016,31.32,4.8,27.62,20.2,0.15
Benin,2017,30.73,4.74,27.4,19.94,0.15
Benin,2018,29.89,4.67,27.14,19.59,0.15
Benin,2019,28.84,4.52,26.55,18.98,0.15
Bhutan,2010,8.63,16.46,27.32,10.31,0.92
Bhutan,2011,8.16,16.18,27.22,10.12,0.92
Bhutan,2012,8.0,16.41,27.62,10.22,0.95
Bhutan,2013,7.86,16.55,27.79,10.25,0.97
Bhutan,2014,7.53,16.11,27.5,10.01,0.95
Bhutan,2015,7.25,15.73,27.25,9.81,0.94
Bhutan,2016,6.84,14.97,26.39,9.37,0.91
Bhutan,2017,6.64,14.65,26.65,9.27,0.88
Bhutan,2018,6.9,15.25,27.32,9.56,0.96
Bhutan,2019,6.36,14.26,26.64,9.06,0.89
Bolivia (Plurinational State of),2010,18.27,5.68,22.35,10.61,1.0
Bolivia (Plurinational State of),2011,17.35,5.42,22.16,10.25,0.94
Bolivia (Plurinational State of),2012,17.31,5.46,22.34,10.26,0.96
Bolivia (Plurinational State of),2013,17.3,5.49,22.64,10.34,0.97
Bolivia (Plurinational State of),2014,17.32,5.68,23.06,10.68,0.99
Bolivia (Plurinational State of),2015,16.72,5.52,22.94,10.44,0.97
Bolivia (Plurinational State of),2016,16.71,5.47,23.19,10.31,0.99
Bolivia (Plurinational State of),2017,15.64,5.12,22.44,9.74,0.92
Bolivia (Plurinational State of),2018,15.72,5.15,22.57,9.74,0.95
Bolivia (Plurinational State of),2019,15.85,5.19,22.66,9.76,0.97
Bosnia and Herzegovina,2010,1.93,3.76,33.76,21.69,5.18
Bosnia and Herzegovina,2011,1.96,3.86,34.41,22.28,5.37
Bosnia and Herzegovina,2012,1.86,3.62,33.52,20.94,4.96
Bosnia and Herzegovina,2013,1.8,3.44,33.31,20.04,4.68
Bosnia and Herzegovina,2014,1.84,3.46,34.05,20.17,4.73
Bosnia and Herzegovina,2015,1.87,3.36,34.51,20.15,4.6
Bosnia and Herzegovina,2016,1.82,3.12,32.99,19.0,4.38
Bosnia and Herzegovina,2017,1.84,3.14,32.55,18.9,4.56
Bosnia and Herzegovina,2018,1.84,3.13,32.27,18.77,4.65
Bosnia and Herzegovina,2019,1.61,2.72,30.03,16.77,3.93
Botswana,2010,19.54,5.1,26.89,16.56,0.23
Botswana,2011,18.79,4.91,26.52,16.09,0.22
Botswana,2012,17.62,4.67,26.26,15.51,0.21
Botswana,2013,17.08,4.54,26.04,15.15,0.2
Botswana,2014,16.64,4.41,25.51,14.77,0.2
Botswana,2015,16.41,4.33,25.21,14.51,0.2
Botswana,2016,15.76,4.18,24.58,14.04,0.19
Botswana,2017,16.05,4.22,24.67,14.13,0.2
Botswana,2018,15.68,4.12,24.4,13.81,0.2
Botswana,2019,14.72,3.94,23.41,13.18,0.19
Brazil,2010,5.58,3.23,15.7,7.62,0.92
Brazil,2011,5.84,3.3,15.66,7.45,0.92
Brazil,2012,5.51,2.92,14.66,6.83,0.88
Brazil,2013,5.51,2.75,13.95,6.25,0.81
Brazil,2014,5.51,2.6,13.52,5.98,0.82
Brazil,2015,5.25,2.44,12.9,5.46,0.73
Brazil,2016,5.43,2.39,12.89,5.34,0.72
Brazil,2017,5.98,2.82,13.34,5.78,0.9
Brazil,2018,4.56,2.14,11.51,4.63,0.65
Brazil,2019,4.49,2.06,11.14,4.47,0.63
Brunei Darussalam,2010,1.45,2.41,16.71,5.26,1.02
Brunei Darussalam,2011,2.0,2.18,14.1,4.41,1.09
Brunei Darussalam,2012,1.93,1.91,12.92,4.0,0.95
Brunei Darussalam,2013,2.86,1.88,13.66,4.28,1.05
Brunei Darussalam,2014,3.32,1.79,12.73,4.17,1.01
Brunei Darussalam,2015,3.65,1.44,12.12,4.38,0.94
Brunei Darussalam,2016,3.53,1.29,11.74,4.73,0.86
Brunei Darussalam,2017,2.45,1.13,11.71,4.83,0.63
Brunei Darussalam,2018,1.79,1.14,11.3,4.71,0.54
Brunei Darussalam,2019,1.55,1.32,11.12,5.04,0.57
Bulgaria,2010,3.26,3.66,52.09,20.03,2.76
Bulgaria,2011,2.91,3.67,51.7,18.61,2.85
Bulgaria,2012,2.72,3.12,44.52,18.56,2.74
Bulgaria,2013,2.23,3.06,44.07,17.2,2.62
Bulgaria,2014,2.52,3.16,45.19,18.03,2.51
Bulgaria,2015,2.12,3.13,44.94,17.28,2.45
Bulgaria,2016,2.12,2.94,44.45,15.25,2.24
Bulgaria,2017,2.26,3.02,46.72,15.99,2.31
Bulgaria,2018,2.11,3.01,44.91,16.21,2.31
Bulgaria,2019,1.86,2.84,42.21,14.17,1.89
Burkina Faso,2010,36.97,3.97,35.67,18.47,0.4
Burkina Faso,2011,36.85,3.95,35.21,18.17,0.4
Burkina Faso,2012,35.87,4.02,35.34,18.33,0.42
Burkina Faso,2013,36.93,3.89,34.28,17.72,0.41
Burkina Faso,2014,36.2,3.88,33.98,17.61,0.43
Burkina Faso,2015,37.43,3.97,34.68,17.96,0.47
Burkina Faso,2016,36.75,3.9,34.0,17.55,0.48
Burkina Faso,2017,36.11,3.84,33.35,17.16,0.49
Burkina Faso,2018,34.17,3.76,32.88,16.77,0.49
Burkina Faso,2019,34.17,3.66,32.26,16.31,0.48
Burundi,2010,32.05,7.29,26.4,20.33,0.23
Burundi,2011,30.55,7.16,26.14,19.97,0.23
Burundi,2012,28.76,7.1,25.94,19.78,0.23
Burundi,2013,27.93,6.96,25.43,19.39,0.23
Burundi,2014,27.06,6.78,24.82,18.96,0.23
Burundi,2015,26.33,6.66,24.42,18.69,0.23
Burundi,2016,25.82,6.57,24.22,18.43,0.23
Burundi,2017,25.1,6.41,23.88,18.04,0.22
Burundi,2018,24.92,6.42,23.87,18.0,0.23
Burundi,2019,24.52,6.35,23.67,17.82,0.23
Cabo Verde,2010,11.73,2.12,20.54,8.6,1.04
Cabo Verde,2011,12.36,2.29,21.73,9.13,1.16
Cabo Verde,2012,12.53,2.25,22.24,9.25,1.23
Cabo Verde,2013,12.06,2.18,21.88,8.98,1.2
Cabo Verde,2014,11.85,2.15,21.99,8.89,1.19
Cabo Verde,2015,12.6,2.3,23.44,9.47,1.31
Cabo Verde,2016,12.73,2.34,24.49,9.71,1.32
Cabo Verde,2017,13.01,2.4,25.09,9.92,1.38
Cabo Verde,2018,14.95,2.82,29.11,11.53,1.59
Cabo Verde,2019,14.74,2.77,28.9,11.36,1.59
Cambodia,2010,18.86,4.84,22.09,18.77,1.29
Cambodia,2011,17.39,4.57,21.6,17.9,1.2
Cambodia,2012,17.77,4.7,21.96,18.27,1.26
Cambodia,2013,18.07,4.82,22.23,18.58,1.33
Cambodia,2014,16.19,4.38,21.21,17.18,1.19
Cambodia,2015,15.91,4.41,21.29,17.26,1.23
Cambodia,2016,16.86,4.69,21.99,18.07,1.36
Cambodia,2017,15.23,4.27,21.12,16.74,1.2
Cambodia,2018,15.33,4.32,21.37,16.87,1.24
Cambodia,2019,15.64,4.41,21.72,17.16,1.3
Cameroon,2010,51.6,7.55,35.67,27.89,0.54
Cameroon,2011,50.11,7.56,35.8,27.83,0.55
Cameroon,2012,47.85,7.52,35.81,27.61,0.57
Cameroon,2013,45.96,7.25,35.02,26.8,0.55
Cameroon,2014,44.8,7.1,34.47,26.22,0.56
Cameroon,2015,44.64,7.13,35.04,26.36,0.6
Cameroon,2016,43.56,6.98,34.34,25.66,0.59
Cameroon,2017,42.26,6.8,33.82,25.03,0.59
Cameroon,2018,40.69,6.59,33.34,24.37,0.58
Cameroon,2019,39.38,6.38,32.88,23.81,0.57
Canada,2010,0.56,1.01,8.19,1.33,0.98
Canada,2011,0.63,1.04,7.76,1.27,0.98
Canada,2012,0.59,0.98,7.51,1.2,0.93
Canada,2013,0.63,0.97,7.12,1.14,0.84
Canada,2014,0.61,0.92,6.92,1.11,0.81
Canada,2015,0.66,0.93,6.68,1.08,0.75
Canada,2016,0.44,0.74,5.71,0.89,0.56
Canada,2017,0.58,0.87,6.24,1.0,0.66
Canada,2018,0.58,0.88,6.22,1.0,0.69
Canada,2019,0.47,0.74,5.5,0.86,0.54
Central African Republic,2010,40.88,9.36,35.19,26.7,0.3
Central African Republic,2011,40.4,9.4,35.35,26.8,0.3
Central African Republic,2012,39.23,9.17,35.02,26.3,0.3
Central African Republic,2013,38.32,8.9,34.68,25.8,0.28
Central African Republic,2014,38.69,8.94,34.78,25.94,0.29
Central African Republic,2015,38.89,9.0,35.48,26.46,0.29
Central African Republic,2016,37.8,8.88,34.95,26.01,0.29
Central African Republic,2017,36.79,8.61,34.51,25.44,0.28
Central African Republic,2018,35.76,8.54,33.93,25.06,0.28
Central African Republic,2019,33.66,8.27,33.31,24.41,0.27
Chad,2010,53.21,6.64,30.69,22.45,0.27
Chad,2011,52.0,6.7,30.93,22.56,0.28
Chad,2012,52.48,6.73,31.17,22.66,0.28
Chad,2013,51.67,6.44,30.44,21.87,0.27
Chad,2014,50.26,6.35,29.98,21.52,0.28
Chad,2015,51.58,6.46,30.57,21.88,0.29
Chad,2016,49.82,6.38,30.29,21.58,0.29
Chad,2017,49.69,6.36,30.28,21.49,0.29
Chad,2018,47.22,6.18,29.83,20.93,0.29
Chad,2019,45.19,5.97,29.09,20.2,0.28
Chile,2010,3.95,2.66,11.03,6.48,1.41
Chile,2011,2.96,2.23,9.76,6.14,1.44
Chile,2012,3.5,2.3,9.97,5.95,1.39
Chile,2013,4.06,2.2,10.0,6.14,1.53
Chile,2014,3.75,2.0,9.5,5.71,1.46
Chile,2015,2.99,2.1,9.56,5.53,1.48
Chile,2016,2.84,1.94,9.05,5.29,1.44
Chile,2017,2.82,1.95,8.73,4.9,1.36
Chile,2018,3.24,1.86,8.31,4.51,1.27
Chile,2019,2.57,1.86,7.9,4.38,1.2
China,2010,5.01,18.53,27.73,27.5,7.08
China,2011,5.03,18.44,28.86,27.85,7.55
China,2012,4.85,17.57,28.73,26.99,7.61
China,2013,5.04,18.25,30.15,28.11,8.59
China,2014,4.47,15.86,28.62,25.5,7.65
China,2015,4.09,14.43,27.56,23.93,7.23
China,2016,3.85,13.44,26.87,22.85,6.8
China,2017,3.72,12.84,26.53,22.2,6.72
China,2018,3.38,11.54,25.12,20.44,6.04
China,2019,3.21,10.99,24.4,19.67,5.79
Colombia,2010,3.1,3.77,16.4,4.27,0.86
Colombia,2011,2.89,3.62,15.98,4.13,0.85
Colombia,2012,2.87,3.34,15.81,3.91,0.8
Colombia,2013,3.11,3.52,15.91,3.99,0.84
Colombia,2014,2.85,3.48,15.8,3.79,0.82
Colombia,2015,3.34,3.55,16.09,3.89,0.82
Colombia,2016,3.32,3.35,15.68,3.61,0.77
Colombia,2017,3.08,3.29,15.28,3.43,0.71
Colombia,2018,2.95,3.08,14.52,3.26,0.66
Colombia,2019,2.88,2.96,14.12,3.13,0.62
Comoros,2010,15.68,2.87,18.81,11.49,0.013
Comoros,2011,15.42,2.87,18.93,11.49,0.013
Comoros,2012,15.34,2.89,19.06,11.53,0.013
Comoros,2013,14.93,2.83,18.88,11.34,0.013
Comoros,2014,15.21,2.85,19.15,11.49,0.014
Comoros,2015,15.14,2.85,19.12,11.51,0.015
Comoros,2016,14.59,2.76,18.88,11.21,0.014
Comoros,2017,14.54,2.75,18.87,11.14,0.014
Comoros,2018,14.39,2.73,18.9,11.1,0.014
Comoros,2019,14.05,2.7,18.85,11.0,0.014
Congo,2010,23.19,5.79,31.54,20.01,0.29
Congo,2011,22.61,5.71,31.25,19.68,0.3
Congo,2012,22.2,5.63,31.23,19.54,0.3
Congo,2013,21.05,5.5,30.61,19.06,0.3
Congo,2014,19.98,5.2,29.79,18.32,0.3
Congo,2015,18.45,5.03,28.88,17.71,0.3
Congo,2016,18.87,5.01,28.91,17.62,0.31
Congo,2017,17.94,4.79,28.14,16.91,0.3
Congo,2018,17.88,4.73,27.86,16.63,0.32
Congo,2019,17.69,4.66,27.59,16.37,0.31
Costa Rica,2010,2.16,2.76,13.34,3.57,0.57
Costa Rica,2011,1.87,2.36,12.54,3.55,0.58
Costa Rica,2012,1.95,2.32,12.56,3.46,0.54
Costa Rica,2013,2.24,2.27,12.38,3.44,0.54
Costa Rica,2014,2.22,2.21,12.86,3.34,0.48
Costa Rica,2015,2.51,2.02,11.51,2.98,0.49
Costa Rica,2016,2.84,2.2,11.28,2.81,0.47
Costa Rica,2017,2.59,1.95,10.52,3.03,0.43
Costa Rica,2018,2.34,1.81,9.51,2.65,0.39
Costa Rica,2019,2.06,1.74,7.85,2.77,0.38
Cote d'Ivoire,2010,43.06,6.18,36.54,21.93,0.43
Cote d'Ivoire,2011,42.96,6.21,36.27,21.74,0.44
Cote d'Ivoire,2012,43.1,6.21,35.92,21.59,0.45
Cote d'Ivoire,2013,41.69,5.95,34.68,20.79,0.44
Cote d'Ivoire,2014,40.07,5.76,33.42,20.08,0.44
Cote d'Ivoire,2015,38.98,5.89,33.46,20.32,0.48
Cote d'Ivoire,2016,37.26,5.67,32.43,19.58,0.46
Cote d'Ivoire,2017,35.94,5.5,31.57,18.98,0.46
Cote d'Ivoire,2018,34.95,5.38,31.04,18.53,0.46
Cote d'Ivoire,2019,33.88,5.19,30.37,17.95,0.45
Croatia,2010,0.84,2.49,31.71,10.44,3.31
Croatia,2011,0.8,2.62,30.12,10.31,3.53
Croatia,2012,0.68,2.39,28.64,9.12,3.08
Croatia,2013,0.69,2.28,25.08,8.56,2.95
Croatia,2014,0.73,2.25,24.58,8.42,2.97
Croatia,2015,1.17,2.43,25.4,8.43,2.87
Croatia,2016,0.99,2.03,22.14,7.12,2.72
Croatia,2017,1.71,2.27,23.75,6.63,2.92
Croatia,2018,1.46,2.32,22.2,6.95,2.85
Croatia,2019,1.32,1.99,19.85,5.91,2.27
Cuba,2010,3.71,2.17,19.05,5.37,1.87
Cuba,2011,3.61,2.1,16.7,4.5,1.7
Cuba,2012,3.82,2.09,16.96,4.81,1.84
Cuba,2013,3.91,2.24,16.62,4.64,1.76
Cuba,2014,4.12,2.3,17.07,4.81,1.87
Cuba,2015,4.7,2.46,17.69,4.82,1.91
Cuba,2016,4.58,2.36,16.72,4.84,1.91
Cuba,2017,5.49,2.53,18.07,5.07,1.96
Cuba,2018,5.19,2.49,17.56,4.91,1.88
Cuba,2019,5.02,2.37,17.02,4.68,1.73
Cyprus,2010,1.16,2.29,16.91,4.2,1.39
Cyprus,2011,1.08,2.06,16.65,3.87,1.63
Cyprus,2012,0.89,2.19,14.95,3.5,1.51
Cyprus,2013,0.84,2.07,13.28,3.17,1.3
Cyprus,2014,0.73,1.92,12.88,2.84,1.24
Cyprus,2015,0.71,2.02,12.23,2.66,1.14
Cyprus,2016,0.67,1.88,11.62,2.57,1.14
Cyprus,2017,0.78,1.84,11.11,2.42,1.22
Cyprus,2018,0.65,1.7,10.13,2.41,1.17
Cyprus,2019,0.65,1.7,10.03,2.25,1.12
Czechia,2010,3.43,1.97,34.02,7.38,2.85
Czechia,2011,2.51,2.24,34.48,6.83,2.85
Czechia,2012,2.36,2.03,32.92,6.26,2.54
Czechia,2013,2.37,2.38,30.51,5.83,2.31
Czechia,2014,2.07,2.05,27.98,5.23,2.23
Czechia,2015,2.41,2.35,28.3,5.09,2.09
Czechia,2016,2.39,2.04,25.6,4.52,1.97
Czechia,2017,2.79,2.21,26.52,4.39,2.02
Czechia,2018,3.09,2.21,26.2,4.13,1.97
Czechia,2019,2.57,1.83,23.17,3.38,1.58
Democratic People's Republic of Korea,2010,9.07,24.64,29.59,36.3,7.42
Democratic People's Republic of Korea,2011,9.34,25.62,30.69,37.76,7.91
Democratic People's Republic of Korea,2012,9.05,25.43,30.64,37.5,8.03
Democratic People's Republic of Korea,2013,9.58,27.51,32.22,40.24,9.12
Democratic People's Republic of Korea,2014,8.82,25.21,31.04,38.0,8.32
Democratic People's Republic of Korea,2015,8.45,23.86,30.66,37.06,7.94
Democratic People's Republic of Korea,2016,7.8,22.15,29.39,34.93,7.36
Democratic People's Republic of Korea,2017,7.27,21.2,28.31,33.33,7.27
Democratic People's Republic of Korea,2018,6.78,18.83,26.36,30.02,6.54
Democratic People's Republic of Korea,2019,6.53,18.07,26.03,29.26,6.29
Democratic Republic of the Congo,2010,33.8,8.11,25.61,18.46,0.38
Democratic Republic of the Congo,2011,32.87,7.97,25.16,18.1,0.38
Democratic Republic of the Congo,2012,32.56,7.87,24.76,17.82,0.39
Democratic Republic of the Congo,2013,31.41,7.64,24.01,17.29,0.4
Democratic Republic of the Congo,2014,30.03,7.33,23.41,16.79,0.4
Democratic Republic of the Congo,2015,28.87,7.16,23.03,16.5,0.41
Democratic Republic of the Congo,2016,27.72,7.11,22.9,16.35,0.42
Democratic Republic of the Congo,2017,27.52,6.87,22.52,15.84,0.41
Democratic Republic of the Congo,2018,27.38,6.96,22.99,16.04,0.42
Democratic Republic of the Congo,2019,25.98,6.97,23.14,16.03,0.42
Denmark,2010,2.18,3.12,10.43,3.49,2.12
Denmark,2011,2.21,3.26,9.52,3.23,2.14
Denmark,2012,1.82,2.88,8.63,2.82,1.87
Denmark,2013,1.86,2.81,8.07,2.72,1.72
Denmark,2014,1.43,2.5,7.24,2.52,1.6
Denmark,2015,1.6,2.6,7.22,2.63,1.59
Denmark,2016,1.44,2.33,6.65,2.3,1.33
Denmark,2017,1.5,2.43,6.39,2.23,1.36
Denmark,2018,1.7,2.52,6.28,2.22,1.27
Denmark,2019,1.47,2.3,5.9,2.04,1.19
Djibouti,2010,20.72,3.16,23.68,15.53,0.25
Djibouti,2011,20.67,3.16,23.97,15.6,0.25
Djibouti,2012,20.24,3.17,24.19,15.7,0.26
Djibouti,2013,19.59,3.11,24.22,15.55,0.25
Djibouti,2014,18.92,3.02,24.03,15.21,0.24
Djibouti,2015,18.48,2.99,24.09,15.13,0.25
Djibouti,2016,18.56,2.98,24.27,15.09,0.25
Djibouti,2017,18.77,3.01,24.61,15.22,0.26
Djibouti,2018,18.24,2.94,24.43,14.9,0.26
Djibouti,2019,17.84,2.87,24.22,14.59,0.25
Dominican Republic,2010,1.7,0.69,16.64,4.56,0.31
Dominican Republic,2011,1.55,0.64,16.26,4.31,0.27
Dominican Republic,2012,1.75,0.73,18.2,4.87,0.31
Dominican Republic,2013,1.7,0.73,18.71,4.95,0.31
Dominican Republic,2014,1.92,0.84,21.14,5.69,0.36
Dominican Republic,2015,2.0,0.88,22.29,6.02,0.38
Dominican Republic,2016,2.02,0.9,22.78,6.14,0.39
Dominican Republic,2017,1.99,0.91,22.55,6.11,0.41
Dominican Republic,2018,1.78,0.84,21.07,5.6,0.39
Dominican Republic,2019,1.56,0.75,19.27,5.02,0.35
Ecuador,2010,6.72,2.26,13.52,4.75,0.66
Ecuador,2011,6.39,2.19,13.12,4.5,0.63
Ecuador,2012,6.49,2.25,13.34,4.59,0.65
Ecuador,2013,6.23,2.19,12.83,4.49,0.63
Ecuador,2014,6.05,2.17,12.43,4.41,0.62
Ecuador,2015,5.74,2.1,12.34,4.3,0.58
Ecuador,2016,5.51,2.03,12.44,4.24,0.55
Ecuador,2017,5.19,1.91,12.2,4.02,0.51
Ecuador,2018,5.11,1.88,11.94,3.95,0.51
Ecuador,2019,4.99,1.82,11.62,3.83,0.51
Egypt,2010,10.75,5.47,77.7,14.35,1.75
Egypt,2011,10.33,5.29,74.77,13.73,1.69
Egypt,2012,10.62,5.61,79.25,14.66,1.78
Egypt,2013,9.98,5.27,74.32,13.92,1.71
Egypt,2014,9.73,5.41,76.07,14.25,1.75
Egypt,2015,10.01,5.8,82.6,15.2,1.86
Egypt,2016,9.56,5.52,77.89,14.21,1.8
Egypt,2017,9.1,5.3,74.61,13.52,1.74
Egypt,2018,9.05,5.35,75.05,13.5,1.77
Egypt,2019,9.03,5.38,75.2,13.48,1.78
El Salvador,2010,8.66,3.97,20.39,3.63,0.6
El Salvador,2011,7.4,3.68,21.22,3.32,0.68
El Salvador,2012,6.69,2.98,17.96,3.79,0.7
El Salvador,2013,7.91,3.38,17.49,3.67,0.73
El Salvador,2014,9.37,2.94,17.08,3.79,0.63
El Salvador,2015,8.57,4.4,25.41,3.41,0.45
El Salvador,2016,7.71,3.27,18.61,3.34,0.54
El Salvador,2017,7.56,3.21,18.65,3.3,0.5
El Salvador,2018,7.19,3.07,18.18,3.17,0.47
El Salvador,2019,6.87,2.93,17.75,3.06,0.44
Equatorial Guinea,2010,22.84,4.7,20.28,13.98,0.49
Equatorial Guinea,2011,22.95,4.84,20.79,14.24,0.52
Equatorial Guinea,2012,22.52,4.85,20.44,14.06,0.53
Equatorial Guinea,2013,21.49,4.58,19.37,13.26,0.52
Equatorial Guinea,2014,21.34,4.5,19.45,13.26,0.51
Equatorial Guinea,2015,22.8,4.78,20.8,14.32,0.57
Equatorial Guinea,2016,22.13,4.76,21.16,14.31,0.57
Equatorial Guinea,2017,21.98,4.59,20.67,13.71,0.57
Equatorial Guinea,2018,21.68,4.62,21.13,13.82,0.57
Equatorial Guinea,2019,20.69,4.47,20.8,13.5,0.55
Eritrea,2010,36.0,5.97,25.65,20.61,0.31
Eritrea,2011,35.69,5.94,25.58,20.49,0.31
Eritrea,2012,34.66,5.84,25.44,20.23,0.31
Eritrea,2013,34.09,5.66,25.14,19.76,0.31
Eritrea,2014,32.53,5.44,24.72,19.17,0.3
Eritrea,2015,32.39,5.51,25.14,19.43,0.31
Eritrea,2016,31.6,5.41,24.93,19.12,0.31
Eritrea,2017,31.65,5.47,25.22,19.33,0.33
Eritrea,2018,30.98,5.32,25.1,18.98,0.32
Eritrea,2019,30.07,5.16,24.79,18.56,0.32
Estonia,2010,0.63,0.54,23.58,3.45,0.88
Estonia,2011,0.55,0.46,19.62,2.86,0.76
Estonia,2012,0.61,0.44,19.0,2.3,0.74
Estonia,2013,0.77,0.49,17.89,2.66,0.75
Estonia,2014,0.84,0.52,16.97,2.09,0.82
Estonia,2015,0.6,0.39,14.18,1.59,0.58
Estonia,2016,0.56,0.36,12.67,1.56,0.47
Estonia,2017,0.46,0.29,10.92,1.29,0.37
Estonia,2018,0.7,0.35,12.09,1.52,0.54
Estonia,2019,0.6,0.3,9.73,1.72,0.45
Eswatini,2010,29.66,6.92,32.8,21.81,0.21
Eswatini,2011,27.39,6.55,31.43,20.59,0.2
Eswatini,2012,27.04,6.45,31.35,20.26,0.2
Eswatini,2013,25.85,6.27,30.56,19.59,0.2
Eswatini,2014,23.28,5.99,28.99,18.49,0.2
Eswatini,2015,20.96,5.67,27.57,17.43,0.19
Eswatini,2016,19.79,5.51,26.83,16.79,0.19
Eswatini,2017,19.07,5.43,26.18,16.38,0.19
Eswatini,2018,18.35,5.33,25.57,15.95,0.2
Eswatini,2019,18.65,5.33,25.79,16.06,0.2
Ethiopia,2010,22.06,4.38,17.62,12.8,0.37
Ethiopia,2011,21.29,4.26,17.47,12.54,0.37
Ethiopia,2012,19.81,4.08,17.05,12.09,0.36
Ethiopia,2013,18.71,3.96,16.59,11.76,0.37
Ethiopia,2014,17.51,3.86,16.38,11.53,0.37
Ethiopia,2015,17.01,3.85,16.62,11.63,0.37
Ethiopia,2016,17.02,3.78,16.43,11.44,0.38
Ethiopia,2017,16.96,3.73,16.34,11.29,0.39
Ethiopia,2018,16.67,3.7,16.4,11.24,0.39
Ethiopia,2019,16.09,3.62,16.37,11.08,0.4
Fiji,2010,2.28,1.3,28.21,5.61,0.16
Fiji,2011,2.17,1.23,27.69,5.46,0.15
Fiji,2012,2.16,1.23,27.89,5.51,0.16
Fiji,2013,2.14,1.23,27.67,5.48,0.16
Fiji,2014,2.2,1.26,28.51,5.69,0.16
Fiji,2015,2.23,1.28,28.79,5.81,0.17
Fiji,2016,2.26,1.3,28.72,5.82,0.17
Fiji,2017,2.29,1.31,28.57,5.82,0.18
Fiji,2018,2.31,1.31,28.5,5.83,0.18
Fiji,2019,2.21,1.26,27.67,5.62,0.17
Finland,2010,0.25,0.5,11.98,1.98,0.51
Finland,2011,0.23,0.52,11.13,1.97,0.47
Finland,2012,0.15,0.42,9.73,1.74,0.38
Finland,2013,0.13,0.39,8.76,1.63,0.36
Finland,2014,0.084,0.33,7.63,1.41,0.28
Finland,2015,0.093,0.34,7.46,1.37,0.29
Finland,2016,0.12,0.28,6.27,1.15,0.23
Finland,2017,0.093,0.27,5.95,1.04,0.22
Finland,2018,0.14,0.29,6.02,1.12,0.24
Finland,2019,0.12,0.28,5.78,1.05,0.22
France,2010,1.19,0.98,7.75,2.4,1.95
France,2011,1.2,0.98,7.35,2.36,1.99
France,2012,1.28,0.94,7.16,2.27,1.83
France,2013,1.19,0.92,6.69,2.12,1.71
France,2014,0.93,0.78,6.05,1.89,1.55
France,2015,1.22,0.9,6.26,1.93,1.59
France,2016,1.04,0.81,5.85,1.78,1.4
France,2017,1.07,0.82,5.78,1.75,1.42
France,2018,1.08,0.82,5.67,1.72,1.39
France,2019,1.02,0.77,5.39,1.6,1.26
Gabon,2010,18.13,3.93,24.98,14.97,0.83
Gabon,2011,17.83,3.93,25.07,14.87,0.83
Gabon,2012,16.22,3.67,22.96,13.57,0.84
Gabon,2013,15.77,3.52,22.23,13.02,0.82
Gabon,2014,16.72,3.67,23.91,13.88,0.8
Gabon,2015,16.71,3.7,24.06,13.99,0.84
Gabon,2016,15.93,3.68,23.8,13.78,0.86
Gabon,2017,15.32,3.52,22.99,13.14,0.85
Gabon,2018,15.46,3.5,22.79,12.96,0.86
Gabon,2019,14.72,3.38,21.99,12.43,0.87
Gambia,2010,35.75,5.95,35.35,19.58,0.56
Gambia,2011,35.89,6.09,36.28,20.03,0.52
Gambia,2012,35.9,6.2,36.73,20.28,0.54
Gambia,2013,34.39,5.97,35.96,19.64,0.52
Gambia,2014,34.36,5.98,35.96,19.67,0.56
Gambia,2015,34.41,6.03,36.2,19.82,0.56
Gambia,2016,33.17,5.85,35.2,19.16,0.57
Gambia,2017,33.38,5.93,35.25,19.23,0.61
Gambia,2018,32.58,5.84,34.91,18.9,0.59
Gambia,2019,31.9,5.76,34.63,18.6,0.58
Georgia,2010,2.63,2.54,54.01,26.13,1.73
Georgia,2011,3.0,2.82,55.12,27.41,2.02
Georgia,2012,3.04,2.71,50.54,25.1,2.03
Georgia,2013,3.08,2.55,47.01,23.3,1.9
Georgia,2014,3.18,2.47,45.97,22.9,1.84
Georgia,2015,3.38,2.45,45.24,22.9,1.88
Georgia,2016,3.24,2.46,47.43,23.28,1.89
Georgia,2017,2.87,2.21,44.23,21.23,1.7
Georgia,2018,2.73,2.14,43.39,20.53,1.66
Georgia,2019,2.53,2.04,43.14,19.89,1.58
Germany,2010,1.44,2.12,16.3,3.18,1.83
Germany,2011,1.44,2.1,15.31,3.04,1.89
Germany,2012,1.21,1.93,14.61,2.78,1.67
Germany,2013,1.31,2.04,14.65,2.74,1.63
Germany,2014,0.98,1.8,13.25,2.43,1.5
Germany,2015,1.21,2.01,13.59,2.45,1.51
Germany,2016,1.01,1.74,12.06,2.25,1.38
Germany,2017,1.05,1.82,11.89,2.19,1.35
Germany,2018,1.18,1.82,11.58,2.17,1.32
Germany,2019,0.89,1.54,9.44,1.7,1.17
Ghana,2010,39.12,6.49,32.7,26.8,0.26
Ghana,2011,39.02,6.62,32.96,26.75,0.28
Ghana,2012,37.64,6.6,32.92,26.54,0.28
Ghana,2013,35.89,6.4,32.24,25.8,0.28
Ghana,2014,34.76,6.24,31.53,25.15,0.28
Ghana,2015,35.73,6.48,32.33,25.93,0.31
Ghana,2016,34.59,6.33,31.92,25.26,0.31
Ghana,2017,33.22,6.15,31.43,24.48,0.31
Ghana,2018,31.9,5.98,31.06,23.83,0.31
Ghana,2019,30.53,5.74,30.61,23.1,0.3
Greece,2010,3.1,2.89,20.5,7.06,2.9
Greece,2011,3.29,2.72,20.16,7.03,2.96
Greece,2012,3.33,2.46,19.38,6.81,2.72
Greece,2013,3.01,2.03,16.82,6.05,2.71
Greece,2014,2.77,1.8,14.52,5.19,2.37
Greece,2015,3.27,2.09,14.86,5.32,2.47
Greece,2016,3.04,1.64,13.25,4.78,2.22
Greece,2017,2.92,1.73,14.12,4.74,2.2
Greece,2018,3.17,1.7,13.15,4.52,2.27
Greece,2019,3.02,1.55,12.29,4.1,2.09
Grenada,2010,4.25,1.49,18.6,7.6,0.41
Grenada,2011,4.31,1.2,17.23,7.8,0.44
Grenada,2012,4.48,0.96,16.07,7.67,0.45
Grenada,2013,4.39,0.88,16.9,7.21,0.53
Grenada,2014,5.11,1.03,17.48,6.98,0.49
Grenada,2015,5.0,1.1,19.86,6.43,0.71
Grenada,2016,4.73,1.01,19.22,6.66,0.58
Grenada,2017,4.51,0.97,20.73,6.83,0.61
Grenada,2018,4.3,0.9,18.46,6.95,0.41
Grenada,2019,4.06,0.89,18.56,6.38,0.48
Guatemala,2010,20.81,2.78,20.81,6.98,0.46
Guatemala,2011,20.39,2.85,21.13,7.11,0.46
Guatemala,2012,18.81,2.72,20.79,6.9,0.42
Guatemala,2013,18.88,2.83,21.17,7.06,0.44
Guatemala,2014,17.45,2.71,20.74,6.77,0.4
Guatemala,2015,17.12,2.79,21.0,6.77,0.4
Guatemala,2016,16.45,2.74,20.5,6.52,0.4
Guatemala,2017,15.58,2.64,19.68,6.16,0.37
Guatemala,2018,14.67,2.44,18.82,5.79,0.34
Guatemala,2019,14.07,2.32,18.14,5.54,0.33
Guinea,2010,44.0,6.13,30.11,21.16,0.31
Guinea,2011,44.11,6.2,30.65,21.44,0.31
Guinea,2012,45.28,6.37,31.36,21.97,0.32
Guinea,2013,44.36,6.15,31.04,21.47,0.31
Guinea,2014,45.28,6.22,31.25,21.63,0.32
Guinea,2015,46.19,6.29,31.76,21.98,0.33
Guinea,2016,45.52,6.23,31.56,21.74,0.33
Guinea,2017,44.36,6.07,31.07,21.2,0.33
Guinea,2018,43.14,5.92,30.62,20.66,0.32
Guinea,2019,40.1,5.8,30.21,20.28,0.32
Guinea-Bissau,2010,44.25,6.22,37.24,22.93,0.28
Guinea-Bissau,2011,42.99,6.2,37.08,22.78,0.28
Guinea-Bissau,2012,42.19,6.18,36.69,22.58,0.29
Guinea-Bissau,2013,40.55,5.99,36.28,22.14,0.27
Guinea-Bissau,2014,39.76,5.9,35.49,21.76,0.29
Guinea-Bissau,2015,37.05,5.71,34.37,21.06,0.3
Guinea-Bissau,2016,36.04,5.63,34.18,20.8,0.29
Guinea-Bissau,2017,36.16,5.73,34.5,21.06,0.3
Guinea-Bissau,2018,34.63,5.6,34.01,20.57,0.3
Guinea-Bissau,2019,32.56,5.36,32.96,19.76,0.29
Guyana,2010,4.91,1.97,32.86,14.56,0.26
Guyana,2011,4.9,1.87,31.8,13.09,0.2
Guyana,2012,4.57,2.07,32.46,13.26,0.23
Guyana,2013,4.68,2.0,30.94,12.44,0.22
Guyana,2014,5.17,2.18,30.61,12.86,0.3
Guyana,2015,5.2,2.23,32.13,13.48,0.27
Guyana,2016,5.21,2.24,32.16,13.56,0.27
Guyana,2017,5.32,2.31,32.62,13.93,0.28
Guyana,2018,5.06,2.23,32.01,13.6,0.27
Guyana,2019,4.88,2.17,31.55,13.32,0.25
Haiti,2010,8.99,2.46,27.57,13.04,0.25
Haiti,2011,7.9,2.45,28.31,13.14,0.25
Haiti,2012,8.36,2.62,29.37,13.81,0.27
Haiti,2013,7.89,2.51,28.62,13.34,0.26
Haiti,2014,8.31,2.65,29.54,13.94,0.28
Haiti,2015,8.3,2.68,29.69,14.04,0.29
Haiti,2016,8.29,2.68,29.64,14.02,0.3
Haiti,2017,8.38,2.72,29.8,14.12,0.31
Haiti,2018,7.85,2.61,29.19,13.63,0.3
Haiti,2019,7.19,2.42,27.97,12.82,0.27
Honduras,2010,3.81,6.81,25.26,11.83,0.54
Honduras,2011,4.12,7.61,27.46,13.0,0.62
Honduras,2012,4.43,8.43,31.39,14.4,0.61
Honduras,2013,4.67,8.89,32.36,15.05,0.65
Honduras,2014,4.47,8.52,31.69,14.58,0.62
Honduras,2015,4.48,8.47,31.82,14.63,0.62
Honduras,2016,3.99,7.77,29.24,13.34,0.61
Honduras,2017,3.8,7.38,28.9,12.89,0.57
Honduras,2018,3.54,6.86,27.59,12.11,0.54
Honduras,2019,3.37,6.51,26.97,11.63,0.52
Hungary,2010,1.0,3.35,39.05,8.92,4.56
Hungary,2011,1.17,3.55,37.94,8.6,4.64
Hungary,2012,0.98,3.38,36.41,7.9,4.21
Hungary,2013,0.97,3.38,34.0,7.41,3.88
Hungary,2014,0.96,3.34,33.49,7.12,3.95
Hungary,2015,1.27,3.87,33.89,6.94,3.79
Hungary,2016,0.97,3.33,32.21,5.75,3.57
Hungary,2017,1.22,3.7,33.46,6.21,3.6
Hungary,2018,1.21,3.74,33.01,6.19,3.66
Hungary,2019,1.09,3.28,29.49,5.57,2.86
Iceland,2010,0.71,1.05,9.23,1.63,0.69
Iceland,2011,0.81,1.09,9.95,1.68,0.82
Iceland,2012,0.59,0.88,8.78,1.33,0.6
Iceland,2013,0.51,0.78,8.16,1.17,0.54
Iceland,2014,0.44,0.71,7.33,1.07,0.42
Iceland,2015,0.51,0.83,7.69,1.15,0.51
Iceland,2016,0.46,0.7,6.32,0.86,0.35
Iceland,2017,0.53,0.74,6.13,0.86,0.36
Iceland,2018,0.57,0.74,6.25,0.89,0.35
Iceland,2019,0.49,0.66,5.81,0.87,0.33
India,2010,15.68,22.99,38.71,14.42,1.44
India,2011,15.05,22.76,39.25,14.23,1.46
India,2012,14.83,22.96,39.92,14.19,1.49
India,2013,15.05,24.22,40.89,14.51,1.56
India,2014,14.29,23.85,39.96,13.98,1.51
India,2015,13.44,23.03,39.16,13.67,1.53
India,2016,12.64,21.71,38.17,13.23,1.5
India,2017,12.08,20.99,37.43,12.91,1.47
India,2018,12.37,21.97,38.51,13.36,1.58
India,2019,11.55,20.42,37.23,12.7,1.49
Indonesia,2010,5.9,6.43,26.3,23.83,1.1
Indonesia,2011,5.44,6.08,25.69,22.8,1.03
Indonesia,2012,5.63,6.17,26.32,23.78,1.1
Indonesia,2013,5.57,6.13,26.48,24.23,1.14
Indonesia,2014,5.02,5.53,25.43,22.93,1.04
Indonesia,2015,4.97,5.52,25.53,23.16,1.06
Indonesia,2016,5.11,5.74,26.15,23.87,1.14
Indonesia,2017,4.58,5.22,25.02,22.1,1.03
Indonesia,2018,4.52,5.15,24.91,21.83,1.04
Indonesia,2019,4.63,5.24,25.13,22.08,1.09
Iran (Islamic Republic of),2010,4.77,3.06,35.2,10.46,1.11
Iran (Islamic Republic of),2011,4.68,3.07,33.78,9.97,1.12
Iran (Islamic Republic of),2012,4.55,3.06,32.84,9.57,1.14
Iran (Islamic Republic of),2013,4.44,3.08,32.47,9.32,1.16
Iran (Islamic Republic of),2014,4.28,3.07,32.18,9.09,1.19
Iran (Islamic Republic of),2015,4.23,3.13,32.62,9.11,1.25
Iran (Islamic Republic of),2016,4.16,3.11,32.85,9.03,1.25
Iran (Islamic Republic of),2017,4.19,3.15,33.37,9.14,1.28
Iran (Islamic Republic of),2018,4.23,3.22,33.68,9.28,1.35
Iran (Islamic Republic of),2019,4.13,3.16,33.52,9.17,1.34
Iraq,2010,6.3,1.87,62.26,24.58,1.6
Iraq,2011,5.98,1.82,60.85,24.35,1.63
Iraq,2012,5.63,1.77,59.39,24.07,1.7
Iraq,2013,5.26,1.72,57.66,23.74,1.77
Iraq,2014,4.53,1.63,55.46,22.77,1.72
Iraq,2015,4.61,1.65,55.82,22.98,1.81
Iraq,2016,4.44,1.63,55.1,22.51,1.8
Iraq,2017,4.29,1.64,54.72,22.2,1.81
Iraq,2018,4.5,1.68,55.34,22.39,1.87
Iraq,2019,4.42,1.72,56.41,22.57,1.88
Ireland,2010,1.96,1.61,12.7,2.55,1.17
Ireland,2011,1.92,1.8,12.59,2.52,1.36
Ireland,2012,1.59,1.69,11.78,2.16,1.1
Ireland,2013,1.42,1.68,11.24,2.12,1.07
Ireland,2014,1.38,1.51,10.26,1.94,1.03
Ireland,2015,1.56,1.57,10.29,1.92,0.98
Ireland,2016,1.22,1.38,9.05,1.64,0.82
Ireland,2017,1.22,1.39,8.76,1.58,0.81
Ireland,2018,1.23,1.42,8.48,1.54,0.81
Ireland,2019,1.19,1.38,8.0,1.44,0.78
Israel,2010,1.69,1.76,10.45,3.21,2.35
Israel,2011,1.74,1.82,10.4,3.32,2.23
Israel,2012,1.75,1.72,9.39,3.24,2.01
Israel,2013,1.67,1.65,9.19,2.98,2.03
Israel,2014,1.66,1.64,8.56,2.77,1.94
Israel,2015,2.04,1.72,8.77,2.94,1.97
Israel,2016,1.89,1.49,8.44,2.63,1.74
Israel,2017,1.77,1.58,8.22,2.33,1.58
Israel,2018,2.04,1.57,7.67,2.34,1.66
Israel,2019,1.99,1.55,7.71,2.29,1.58
Italy,2010,0.83,1.9,11.46,4.34,2.31
Italy,2011,1.04,1.88,11.64,4.38,2.39
Italy,2012,0.98,1.78,11.14,4.06,2.09
Italy,2013,0.91,1.62,10.39,3.7,1.98
Italy,2014,0.82,1.49,9.68,3.42,1.8
Italy,2015,1.09,1.66,10.28,3.66,1.86
Italy,2016,0.87,1.54,8.84,3.13,1.65
Italy,2017,1.08,1.65,8.98,3.26,1.64
Italy,2018,1.07,1.61,8.86,3.15,1.63
Italy,2019,1.0,1.48,8.27,2.85,1.41
Jamaica,2010,1.57,1.52,8.52,7.02,1.02
Jamaica,2011,1.58,1.6,9.1,7.39,1.04
Jamaica,2012,1.56,1.42,8.36,6.95,0.95
Jamaica,2013,1.53,1.35,8.41,6.95,0.92
Jamaica,2014,1.83,1.53,9.73,8.12,1.04
Jamaica,2015,1.84,1.57,9.92,8.34,1.09
Jamaica,2016,1.84,1.57,9.84,8.28,1.09
Jamaica,2017,1.85,1.56,9.81,8.23,1.11
Jamaica,2018,1.84,1.54,9.76,8.11,1.07
Jamaica,2019,1.77,1.47,9.55,7.84,1.0
Japan,2010,4.28,1.39,7.24,3.66,1.37
Japan,2011,4.29,1.39,7.18,3.52,1.32
Japan,2012,3.75,1.27,6.76,3.12,1.15
Japan,2013,3.92,1.35,6.74,3.14,1.26
Japan,2014,3.72,1.34,6.57,2.97,1.24
Japan,2015,3.5,1.28,6.21,2.77,1.16
Japan,2016,3.33,1.26,6.08,2.63,1.11
Japan,2017,2.52,1.24,5.92,2.52,1.02
Japan,2018,2.24,1.22,5.72,2.27,0.9
Japan,2019,2.1,1.16,5.44,2.21,0.88
Jordan,2010,3.54,1.7,23.35,9.9,2.33
Jordan,2011,3.48,1.6,22.56,9.55,2.37
Jordan,2012,3.45,1.54,22.03,9.38,2.37
Jordan,2013,3.31,1.44,21.1,9.0,2.32
Jordan,2014,3.21,1.38,20.59,8.79,2.26
Jordan,2015,3.22,1.38,20.37,8.8,2.31
Jordan,2016,3.18,1.38,20.42,8.74,2.24
Jordan,2017,3.24,1.41,20.94,8.9,2.24
Jordan,2018,3.33,1.47,21.57,9.1,2.25
Jordan,2019,3.34,1.48,21.78,9.11,2.23
Kazakhstan,2010,5.31,5.64,64.22,23.93,3.71
Kazakhstan,2011,5.72,6.59,64.47,25.04,3.99
Kazakhstan,2012,5.73,7.17,62.27,24.83,3.9
Kazakhstan,2013,5.53,6.88,57.42,23.25,3.45
Kazakhstan,2014,5.41,6.94,52.93,22.08,3.14
Kazakhstan,2015,5.5,7.28,49.07,21.45,3.03
Kazakhstan,2016,5.26,7.75,45.44,21.05,2.96
Kazakhstan,2017,5.14,8.48,38.93,20.1,2.74
Kazakhstan,2018,4.61,7.38,39.47,18.79,2.61
Kazakhstan,2019,4.15,6.62,37.92,17.37,2.38
Kenya,2010,11.43,2.56,11.45,8.88,0.17
Kenya,2011,11.01,2.57,11.57,8.86,0.17
Kenya,2012,10.96,2.55,11.59,8.81,0.17
Kenya,2013,10.91,2.53,11.59,8.77,0.17
Kenya,2014,10.64,2.46,11.36,8.59,0.17
Kenya,2015,10.45,2.41,11.17,8.42,0.17
Kenya,2016,10.35,2.38,11.15,8.32,0.17
Kenya,2017,10.49,2.4,11.37,8.38,0.17
Kenya,2018,10.71,2.43,11.67,8.52,0.18
Kenya,2019,10.62,2.41,11.71,8.48,0.18
Kiribati,2010,4.83,2.86,28.99,14.27,0.51
Kiribati,2011,4.78,2.89,29.55,14.44,0.52
Kiribati,2012,4.62,2.83,28.89,14.08,0.51
Kiribati,2013,4.54,2.82,29.09,14.06,0.5
Kiribati,2014,4.3,2.66,28.14,13.55,0.48
Kiribati,2015,4.26,2.65,28.15,13.52,0.48
Kiribati,2016,4.52,2.81,29.66,14.15,0.52
Kiribati,2017,4.4,2.76,29.23,13.89,0.52
Kiribati,2018,4.21,2.69,28.34,13.49,0.51
Kiribati,2019,4.15,2.65,28.48,13.41,0.51
Kuwait,2010,9.4,1.7,28.87,10.07,1.91
Kuwait,2011,8.99,1.55,25.56,8.39,1.78
Kuwait,2012,8.9,1.52,24.51,7.74,1.85
Kuwait,2013,9.14,1.5,23.89,7.26,1.81
Kuwait,2014,9.0,1.45,22.86,6.82,1.73
Kuwait,2015,8.69,1.49,23.75,6.98,1.84
Kuwait,2016,8.6,1.51,24.13,7.08,1.82
Kuwait,2017,8.68,1.55,24.85,7.3,1.86
Kuwait,2018,8.64,1.58,25.23,7.4,1.87
Kuwait,2019,8.65,1.61,25.63,7.53,1.85
Kyrgyzstan,2010,6.95,10.84,83.91,27.09,2.96
Kyrgyzstan,2011,6.64,10.85,88.24,27.58,3.33
Kyrgyzstan,2012,6.17,10.17,89.12,26.31,3.3
Kyrgyzstan,2013,5.48,8.64,81.4,23.34,3.11
Kyrgyzstan,2014,4.81,8.18,81.17,22.53,3.1
Kyrgyzstan,2015,4.09,7.57,78.25,21.12,2.89
Kyrgyzstan,2016,3.93,6.93,72.07,19.04,2.69
Kyrgyzstan,2017,3.62,6.58,69.26,18.18,2.51
Kyrgyzstan,2018,3.36,6.51,65.75,17.56,2.36
Kyrgyzstan,2019,3.03,6.06,61.28,16.3,2.1
Lao People's Democratic Republic,2010,15.58,7.22,29.62,21.87,2.1
Lao People's Democratic Republic,2011,13.73,6.56,28.29,20.23,1.86
Lao People's Democratic Republic,2012,13.98,6.77,28.68,20.67,1.98
Lao People's Democratic Republic,2013,13.88,6.83,28.9,20.85,2.05
Lao People's Democratic Republic,2014,12.1,6.25,27.68,19.45,1.85
Lao People's Democratic Republic,2015,11.98,6.25,27.7,19.51,1.9
Lao People's Democratic Republic,2016,12.81,6.72,28.77,20.65,2.12
Lao People's Democratic Republic,2017,11.34,6.04,27.59,19.02,1.84
Lao People's Democratic Republic,2018,11.21,6.06,27.99,19.14,1.86
Lao People's Democratic Republic,2019,11.64,6.37,28.89,19.94,2.02
Latvia,2010,1.67,0.91,43.06,12.64,2.04
Latvia,2011,1.76,0.9,39.29,10.81,1.81
Latvia,2012,1.61,0.81,37.66,11.06,1.68
Latvia,2013,2.2,0.81,35.77,11.14,1.76
Latvia,2014,1.61,0.78,34.66,11.1,1.71
Latvia,2015,1.37,0.62,31.46,10.4,1.37
Latvia,2016,1.47,0.69,27.86,10.15,1.27
Latvia,2017,1.39,0.66,25.51,9.79,1.25
Latvia,2018,1.83,0.74,26.72,10.28,1.35
Latvia,2019,1.57,0.7,26.53,10.05,1.26
Lebanon,2010,3.71,2.39,50.51,4.64,2.57
Lebanon,2011,3.6,2.33,50.07,4.51,2.52
Lebanon,2012,3.56,2.34,50.05,4.49,2.59
Lebanon,2013,3.45,2.3,49.55,4.39,2.59
Lebanon,2014,3.38,2.26,48.96,4.3,2.58
Lebanon,2015,3.36,2.28,48.93,4.3,2.62
Lebanon,2016,3.28,2.24,48.2,4.22,2.57
Lebanon,2017,3.22,2.19,47.64,4.13,2.49
Lebanon,2018,3.18,2.18,46.67,4.09,2.52
Lebanon,2019,3.22,2.19,46.59,4.09,2.52
Lesotho,2010,37.44,11.45,30.85,26.92,0.3
Lesotho,2011,37.6,11.27,31.18,26.85,0.3
Lesotho,2012,39.98,11.55,32.77,27.87,0.3
Lesotho,2013,42.36,11.95,34.5,29.04,0.31
Lesotho,2014,43.72,12.15,35.56,29.69,0.32
Lesotho,2015,42.15,11.84,35.09,29.09,0.31
Lesotho,2016,38.94,11.35,33.62,27.79,0.31
Lesotho,2017,36.66,10.95,32.17,26.65,0.31
Lesotho,2018,35.45,10.74,31.71,26.15,0.32
Lesotho,2019,33.86,10.41,31.04,25.48,0.31
Liberia,2010,27.03,3.38,26.17,14.85,0.37
Liberia,2011,27.94,3.46,26.94,15.21,0.38
Liberia,2012,28.92,3.48,26.82,15.24,0.41
Liberia,2013,26.87,3.17,25.25,14.18,0.38
Liberia,2014,26.55,3.19,25.38,14.39,0.39
Liberia,2015,23.66,3.0,23.77,13.62,0.41
Liberia,2016,22.96,2.89,23.37,13.23,0.39
Liberia,2017,22.25,2.89,23.45,13.24,0.39
Liberia,2018,21.47,2.86,23.34,13.08,0.39
Liberia,2019,21.2,2.86,23.44,13.1,0.39
Libya,2010,4.43,2.56,34.64,9.62,1.88
Libya,2011,4.01,2.43,33.42,9.13,1.71
Libya,2012,4.13,2.42,33.44,9.08,1.68
Libya,2013,4.14,2.5,33.89,9.31,1.77
Libya,2014,4.04,2.52,34.7,9.43,1.72
Libya,2015,3.96,2.47,34.56,9.34,1.67
Libya,2016,3.95,2.56,35.45,9.62,1.72
Libya,2017,4.01,2.54,35.94,9.6,1.63
Libya,2018,4.21,2.68,37.12,10.01,1.72
Libya,2019,4.0,2.6,36.0,9.7,1.69
Lithuania,2010,1.21,1.3,42.84,8.93,1.54
Lithuania,2011,1.24,1.15,39.99,8.27,1.48
Lithuania,2012,1.06,1.04,38.58,7.82,1.37
Lithuania,2013,1.59,1.06,37.54,8.15,1.39
Lithuania,2014,1.19,0.88,36.3,7.63,1.45
Lithuania,2015,1.3,0.9,35.89,7.21,1.25
Lithuania,2016,1.26,0.69,33.21,6.52,1.04
Lithuania,2017,1.04,0.71,30.75,5.95,0.94
Lithuania,2018,1.35,0.71,30.9,6.48,1.06
Lithuania,2019,1.23,0.58,29.97,5.96,1.02
Luxembourg,2010,1.27,2.09,10.94,3.3,1.53
Luxembourg,2011,1.12,2.0,10.52,3.01,1.53
Luxembourg,2012,0.99,1.82,9.95,2.51,1.29
Luxembourg,2013,0.87,1.63,9.13,2.16,1.3
Luxembourg,2014,0.85,1.49,8.42,1.88,1.13
Luxembourg,2015,0.87,1.51,8.28,1.73,1.22
Luxembourg,2016,0.8,1.51,8.01,1.64,1.04
Luxembourg,2017,0.79,1.55,8.37,1.63,1.06
Luxembourg,2018,0.83,1.51,8.17,1.64,1.06
Luxembourg,2019,0.77,1.4,7.87,1.53,0.94
Madagascar,2010,18.3,5.04,23.83,19.73,0.086
Madagascar,2011,18.14,5.01,23.84,19.71,0.086
Madagascar,2012,17.11,4.83,23.26,19.15,0.084
Madagascar,2013,16.59,4.84,23.27,19.26,0.085
Madagascar,2014,16.37,4.73,23.01,19.05,0.083
Madagascar,2015,15.96,4.65,22.61,18.8,0.084
Madagascar,2016,15.88,4.64,22.67,18.8,0.085
Madagascar,2017,15.18,4.45,22.24,18.18,0.082
Madagascar,2018,15.04,4.48,22.38,18.24,0.084
Madagascar,2019,14.03,4.42,22.3,18.08,0.084
Malawi,2010,19.23,3.56,20.64,15.49,0.15
Malawi,2011,18.16,3.45,19.67,14.78,0.16
Malawi,2012,16.8,3.36,19.01,14.27,0.16
Malawi,2013,16.05,3.24,18.21,13.68,0.15
Malawi,2014,15.6,3.17,17.79,13.4,0.15
Malawi,2015,15.25,3.13,17.51,13.26,0.15
Malawi,2016,14.83,3.06,17.11,12.92,0.15
Malawi,2017,14.22,2.95,16.39,12.31,0.15
Malawi,2018,13.76,2.87,15.9,11.92,0.16
Malawi,2019,13.37,2.8,15.6,11.66,0.16
Malaysia,2010,17.74,4.11,31.36,11.82,1.71
Malaysia,2011,17.63,3.73,29.48,11.08,1.57
Malaysia,2012,19.12,3.65,29.15,11.24,1.63
Malaysia,2013,19.18,3.44,27.56,10.84,1.61
Malaysia,2014,18.32,3.23,26.87,10.39,1.46
Malaysia,2015,18.54,3.31,27.17,10.52,1.49
Malaysia,2016,19.47,3.58,28.25,11.08,1.58
Malaysia,2017,17.73,3.37,27.49,10.45,1.41
Malaysia,2018,17.36,3.41,27.61,10.43,1.41
Malaysia,2019,17.98,3.66,28.8,10.9,1.49
Maldives,2010,1.99,4.71,25.12,6.66,0.99
Maldives,2011,1.77,4.29,22.28,6.13,0.88
Maldives,2012,1.85,4.31,22.13,6.22,0.92
Maldives,2013,1.86,4.21,21.58,6.19,0.93
Maldives,2014,1.66,3.69,20.1,5.69,0.79
Maldives,2015,1.68,3.59,19.75,5.72,0.78
Maldives,2016,1.8,3.86,20.45,6.05,0.88
Maldives,2017,1.63,3.54,19.49,5.63,0.79
Maldives,2018,1.55,3.37,18.63,5.34,0.76
Maldives,2019,1.56,3.39,18.38,5.3,0.77
Mali,2010,24.34,6.73,26.61,18.36,0.57
Mali,2011,22.4,6.65,26.67,18.23,0.56
Mali,2012,22.19,6.79,27.09,18.56,0.58
Mali,2013,20.88,6.46,26.46,17.88,0.54
Mali,2014,21.17,6.57,26.68,18.13,0.56
Mali,2015,21.46,6.64,26.97,18.33,0.59
Mali,2016,21.3,6.48,26.49,17.87,0.59
Mali,2017,20.89,6.36,26.05,17.48,0.6
Mali,2018,20.08,6.27,25.91,17.26,0.6
Mali,2019,19.21,6.09,25.46,16.82,0.58
Malta,2010,2.81,1.51,20.38,4.61,1.71
Malta,2011,2.74,1.47,22.39,3.98,1.66
Malta,2012,2.83,1.3,21.15,3.56,1.35
Malta,2013,2.83,1.3,19.0,3.2,1.33
Malta,2014,2.69,1.24,16.2,3.06,1.3
Malta,2015,2.27,1.16,15.15,2.92,1.34
Malta,2016,2.3,1.08,14.41,2.6,1.25
Malta,2017,2.28,1.0,13.72,2.41,1.15
Malta,2018,2.44,1.11,14.29,2.63,1.28
Malta,2019,2.34,1.06,13.83,2.51,1.19
Mauritania,2010,25.26,3.14,22.05,12.63,0.42
Mauritania,2011,25.73,3.16,21.96,12.62,0.45
Mauritania,2012,27.29,3.31,22.94,13.11,0.47
Mauritania,2013,25.7,3.16,22.25,12.57,0.46
Mauritania,2014,24.51,3.19,22.54,12.64,0.44
Mauritania,2015,25.22,3.24,23.0,12.85,0.47
Mauritania,2016,24.59,3.23,22.98,12.71,0.45
Mauritania,2017,24.44,3.25,23.17,12.75,0.47
Mauritania,2018,24.04,3.27,23.54,12.81,0.46
Mauritania,2019,24.09,3.26,23.81,12.84,0.45
Mauritius,2010,2.49,2.08,20.21,5.97,0.5
Mauritius,2011,2.33,2.02,18.78,5.89,0.49
Mauritius,2012,2.21,2.17,19.09,5.2,0.51
Mauritius,2013,2.28,2.13,18.05,5.26,0.55
Mauritius,2014,2.46,2.22,18.91,4.88,0.52
Mauritius,2015,2.42,2.43,19.16,5.25,0.53
Mauritius,2016,2.0,2.52,17.99,6.01,0.47
Mauritius,2017,2.27,2.65,17.37,4.83,0.43
Mauritius,2018,2.54,2.8,18.37,5.27,0.4
Mauritius,2019,2.44,3.07,16.89,4.94,0.47
Mexico,2010,4.13,4.11,18.71,5.0,0.76
Mexico,2011,4.02,3.88,18.39,4.82,0.77
Mexico,2012,3.84,3.6,18.12,4.6,0.68
Mexico,2013,4.08,3.83,18.53,4.6,0.7
Mexico,2014,4.37,3.47,18.62,4.45,0.65
Mexico,2015,4.0,3.56,19.41,4.49,0.65
Mexico,2016,4.26,3.64,20.15,4.32,0.63
Mexico,2017,4.1,3.39,20.11,4.15,0.59
Mexico,2018,3.72,3.16,19.28,4.07,0.54
Mexico,2019,3.55,3.0,19.06,3.98,0.51
Micronesia (Federated States of),2010,4.55,3.55,30.17,10.16,0.8
Micronesia (Federated States of),2011,4.37,3.39,29.71,9.83,0.75
Micronesia (Federated States of),2012,4.5,3.48,30.64,10.08,0.78
Micronesia (Federated States of),2013,4.66,3.58,31.59,10.33,0.82
Micronesia (Federated States of),2014,4.4,3.38,30.61,9.9,0.77
Micronesia (Federated States of),2015,4.71,3.58,32.57,10.6,0.83
Micronesia (Federated States of),2016,4.77,3.66,33.3,10.76,0.86
Micronesia (Federated States of),2017,4.63,3.54,32.63,10.5,0.83
Micronesia (Federated States of),2018,4.66,3.54,32.9,10.54,0.84
Micronesia (Federated States of),2019,4.77,3.62,34.07,10.86,0.87
Mongolia,2010,7.07,4.72,81.04,49.09,3.63
Mongolia,2011,7.09,4.91,82.16,50.21,3.99
Mongolia,2012,6.66,4.68,78.97,47.99,3.95
Mongolia,2013,6.01,4.27,74.24,44.32,3.7
Mongolia,2014,5.44,3.94,69.51,41.15,3.51
Mongolia,2015,5.11,3.84,68.24,40.29,3.51
Mongolia,2016,4.91,3.94,70.32,40.79,3.6
Mongolia,2017,4.65,3.85,69.99,39.78,3.53
Mongolia,2018,4.43,3.78,69.72,39.05,3.47
Mongolia,2019,4.19,3.71,70.12,38.36,3.39
Montenegro,2010,1.78,1.23,35.9,29.89,4.09
Montenegro,2011,1.84,1.28,36.48,30.5,4.21
Montenegro,2012,1.82,1.28,35.84,30.08,4.08
Montenegro,2013,1.65,1.18,34.33,27.99,3.63
Montenegro,2014,1.65,1.19,34.39,27.98,3.63
Montenegro,2015,1.62,1.17,34.15,27.53,3.51
Montenegro,2016,1.56,1.14,33.68,26.63,3.38
Montenegro,2017,1.62,1.18,34.32,27.2,3.56
Montenegro,2018,1.62,1.16,33.76,26.88,3.6
Montenegro,2019,1.38,0.99,30.97,23.52,3.01
Morocco,2010,3.47,1.85,41.96,10.44,1.01
Morocco,2011,3.43,1.86,41.98,10.43,1.02
Morocco,2012,3.28,1.87,41.88,10.38,1.02
Morocco,2013,3.27,1.96,43.58,10.67,1.05
Morocco,2014,3.26,1.99,43.59,10.71,1.08
Morocco,2015,3.22,1.99,43.4,10.66,1.11
Morocco,2016,3.18,2.0,43.39,10.59,1.12
Morocco,2017,3.22,2.05,43.77,10.69,1.16
Morocco,2018,3.12,2.01,43.34,10.43,1.14
Morocco,2019,3.05,1.99,42.88,10.22,1.13
Mozambique,2010,21.26,3.61,21.56,24.66,0.12
Mozambique,2011,20.98,3.57,21.94,24.73,0.12
Mozambique,2012,21.18,3.59,22.47,25.18,0.12
Mozambique,2013,20.49,3.56,22.49,25.11,0.12
Mozambique,2014,19.59,3.45,21.97,24.43,0.13
Mozambique,2015,18.98,3.35,21.58,23.97,0.13
Mozambique,2016,18.42,3.25,21.3,23.32,0.13
Mozambique,2017,18.11,3.18,21.1,22.84,0.12
Mozambique,2018,18.26,3.2,21.23,22.92,0.13
Mozambique,2019,17.92,3.13,21.03,22.51,0.13
Myanmar,2010,13.38,14.01,22.67,30.47,2.13
Myanmar,2011,12.31,13.15,21.94,28.89,1.95
Myanmar,2012,12.34,13.59,22.12,29.53,2.04
Myanmar,2013,12.14,13.56,21.97,29.48,2.08
Myanmar,2014,11.09,12.51,20.99,27.7,1.88
Myanmar,2015,10.88,12.48,20.82,27.7,1.91
Myanmar,2016,11.39,13.25,21.32,28.93,2.08
Myanmar,2017,9.93,11.98,20.15,27.15,1.89
Myanmar,2018,9.72,11.82,20.09,27.4,1.91
Myanmar,2019,9.53,12.02,20.28,27.69,1.99
Namibia,2010,13.91,4.29,18.77,12.18,0.22
Namibia,2011,13.28,4.19,18.19,11.78,0.22
Namibia,2012,12.75,4.07,17.72,11.47,0.22
Namibia,2013,12.5,3.95,17.59,11.23,0.22
Namibia,2014,12.83,3.98,18.04,11.44,0.22
Namibia,2015,12.9,3.97,18.47,11.58,0.22
Namibia,2016,12.34,3.88,18.07,11.31,0.23
Namibia,2017,12.36,3.88,18.24,11.3,0.23
Namibia,2018,11.55,3.72,17.6,10.85,0.23
Namibia,2019,11.35,3.64,17.5,10.74,0.23
Nepal,2010,10.51,28.39,22.9,11.2,2.47
Nepal,2011,10.1,29.23,23.82,11.51,2.52
Nepal,2012,9.85,30.31,24.51,11.85,2.62
Nepal,2013,10.08,31.2,25.05,12.16,2.74
Nepal,2014,9.75,30.87,24.93,12.06,2.71
Nepal,2015,9.48,30.53,24.75,11.94,2.75
Nepal,2016,8.96,29.77,24.37,11.66,2.71
Nepal,2017,8.58,29.08,24.37,11.49,2.66
Nepal,2018,8.8,30.6,25.34,12.0,2.9
Nepal,2019,8.16,28.79,24.87,11.48,2.74
Netherlands (Kingdom of the),2010,2.38,2.67,10.79,2.95,2.5
Netherlands (Kingdom of the),2011,2.37,2.81,10.3,2.79,2.6
Netherlands (Kingdom of the),2012,2.29,2.68,9.71,2.55,2.19
Netherlands (Kingdom of the),2013,1.42,2.43,8.95,2.69,2.04
Netherlands (Kingdom of the),2014,1.04,2.07,8.29,2.51,1.89
Netherlands (Kingdom of the),2015,1.29,2.35,8.36,2.51,1.85
Netherlands (Kingdom of the),2016,1.13,2.07,7.77,2.32,1.69
Netherlands (Kingdom of the),2017,1.24,2.1,7.45,2.21,1.61
Netherlands (Kingdom of the),2018,1.38,1.95,6.9,2.03,1.5
Netherlands (Kingdom of the),2019,1.21,1.89,6.69,1.94,1.42
New Zealand,2010,0.67,1.5,11.06,2.42,0.96
New Zealand,2011,0.7,1.4,10.45,2.36,0.83
New Zealand,2012,0.71,1.16,9.34,2.03,0.66
New Zealand,2013,0.61,1.1,8.68,1.8,0.63
New Zealand,2014,0.61,1.09,8.16,1.81,0.57
New Zealand,2015,0.61,1.0,7.72,1.65,0.55
New Zealand,2016,0.56,0.93,7.09,1.52,0.52
New Zealand,2017,0.63,1.06,7.5,1.62,0.58
New Zealand,2018,0.66,1.07,7.26,1.59,0.6
New Zealand,2019,0.79,1.26,7.67,1.76,0.75
Nicaragua,2010,4.4,5.59,25.1,7.99,0.65
Nicaragua,2011,4.51,4.89,26.52,8.15,0.73
Nicaragua,2012,5.04,4.57,27.65,7.38,0.82
Nicaragua,2013,4.98,5.1,28.54,7.74,0.69
Nicaragua,2014,4.06,4.56,29.32,7.12,0.61
Nicaragua,2015,4.77,4.58,28.48,6.72,0.64
Nicaragua,2016,4.58,4.53,28.45,6.56,0.57
Nicaragua,2017,4.39,4.74,25.53,5.97,0.49
Nicaragua,2018,3.03,3.73,25.46,6.05,0.46
Nicaragua,2019,3.49,3.98,24.37,5.53,0.44
Niger,2010,46.86,7.12,30.03,21.85,0.094
Niger,2011,45.51,7.16,30.56,22.05,0.095
Niger,2012,44.87,7.25,30.63,22.16,0.096
Niger,2013,43.48,7.11,29.99,21.7,0.094
Niger,2014,42.82,7.15,29.94,21.73,0.095
Niger,2015,41.96,7.25,31.35,22.47,0.1
Niger,2016,41.06,7.16,31.22,22.23,0.1
Niger,2017,40.38,7.1,31.16,22.07,0.1
Niger,2018,38.62,6.92,30.75,21.6,0.1
Niger,2019,37.24,6.79,30.38,21.26,0.1
Nigeria,2010,39.52,5.83,28.32,19.88,0.26
Nigeria,2011,39.27,5.83,28.39,19.7,0.27
Nigeria,2012,39.01,5.78,28.24,19.42,0.28
Nigeria,2013,36.89,5.57,27.57,18.94,0.28
Nigeria,2014,37.76,5.41,27.01,18.65,0.28
Nigeria,2015,36.21,5.33,27.58,18.84,0.29
Nigeria,2016,36.24,5.25,27.31,18.57,0.29
Nigeria,2017,35.62,5.16,27.13,18.28,0.29
Nigeria,2018,34.8,5.05,26.86,17.92,0.28
Nigeria,2019,33.04,4.91,26.47,17.5,0.28
North Macedonia,2010,1.62,3.97,33.8,31.57,5.34
North Macedonia,2011,2.22,4.4,35.94,33.89,5.23
North Macedonia,2012,1.51,4.91,38.01,30.46,4.97
North Macedonia,2013,1.06,4.09,34.05,26.91,4.88
North Macedonia,2014,1.51,4.23,34.01,28.17,4.54
North Macedonia,2015,1.46,4.13,32.97,27.22,4.37
North Macedonia,2016,1.41,4.04,32.26,26.41,4.15
North Macedonia,2017,1.42,4.13,32.15,26.5,4.21
North Macedonia,2018,1.4,4.2,31.93,26.47,4.25
North Macedonia,2019,1.23,3.75,29.79,23.88,3.61
Norway,2010,1.01,1.39,9.02,2.03,0.8
Norway,2011,1.17,1.49,9.02,2.16,0.87
Norway,2012,1.01,1.35,8.05,1.8,0.67
Norway,2013,0.9,1.26,7.35,1.6,0.64
Norway,2014,0.66,1.05,6.25,1.36,0.53
Norway,2015,0.83,1.15,6.32,1.35,0.54
Norway,2016,0.74,1.0,5.28,1.09,0.46
Norway,2017,0.73,1.0,5.3,1.11,0.45
Norway,2018,0.73,0.98,5.02,1.05,0.44
Norway,2019,0.72,0.97,4.77,0.99,0.42
Oman,2010,11.86,4.96,87.68,20.17,1.02
Oman,2011,11.52,4.82,84.71,19.35,0.96
Oman,2012,11.15,4.69,81.17,18.46,0.92
Oman,2013,11.51,4.74,82.71,18.72,0.86
Oman,2014,11.47,4.63,82.62,18.58,0.79
Oman,2015,12.0,4.77,85.44,19.25,0.78
Oman,2016,12.23,4.82,86.08,19.35,0.76
Oman,2017,12.02,4.72,84.98,18.95,0.76
Oman,2018,10.81,4.25,77.69,17.08,0.74
Oman,2019,10.01,3.91,73.59,15.86,0.7
Pakistan,2010,18.31,22.96,55.99,26.84,1.64
Pakistan,2011,17.57,22.37,55.59,26.39,1.6
Pakistan,2012,17.25,22.25,55.64,26.35,1.6
Pakistan,2013,16.16,22.39,56.21,26.51,1.65
Pakistan,2014,15.6,21.46,55.13,25.65,1.59
Pakistan,2015,15.13,20.92,54.64,25.26,1.56
Pakistan,2016,14.39,20.07,53.73,24.56,1.51
Pakistan,2017,13.83,19.34,52.97,23.98,1.46
Pakistan,2018,13.56,19.76,53.59,24.43,1.55
Pakistan,2019,12.83,18.1,51.5,22.9,1.42
Panama,2010,3.93,2.11,14.16,4.53,0.53
Panama,2011,3.44,1.78,13.55,4.76,0.58
Panama,2012,3.22,1.89,12.5,4.56,0.51
Panama,2013,3.59,1.94,13.12,4.81,0.59
Panama,2014,3.42,1.87,11.76,4.85,0.53
Panama,2015,2.67,1.84,10.7,4.78,0.58
Panama,2016,2.28,1.85,10.42,4.71,0.44
Panama,2017,2.01,1.74,10.41,4.3,0.38
Panama,2018,1.96,1.61,9.87,4.18,0.39
Panama,2019,1.84,1.53,9.59,4.01,0.36
Papua New Guinea,2010,3.79,7.11,17.44,7.34,0.42
Papua New Guinea,2011,3.55,6.74,16.96,7.01,0.4
Papua New Guinea,2012,3.64,7.0,17.79,7.32,0.41
Papua New Guinea,2013,3.56,6.97,17.81,7.3,0.41
Papua New Guinea,2014,3.6,7.0,18.09,7.39,0.41
Papua New Guinea,2015,3.82,7.57,19.2,7.94,0.47
Papua New Guinea,2016,3.53,7.25,18.62,7.63,0.44
Papua New Guinea,2017,3.68,7.36,18.7,7.67,0.46
Papua New Guinea,2018,3.64,7.36,18.71,7.65,0.47
Papua New Guinea,2019,3.49,7.33,18.85,7.65,0.47
Paraguay,2010,4.81,1.93,17.55,7.91,1.04
Paraguay,2011,4.49,1.9,16.84,7.37,0.96
Paraguay,2012,3.56,1.89,16.11,6.84,0.89
Paraguay,2013,3.23,1.77,15.71,6.4,0.87
Paraguay,2014,2.77,1.88,14.21,5.83,0.8
Paraguay,2015,3.05,1.78,13.37,5.42,0.76
Paraguay,2016,4.29,2.16,14.78,5.53,0.74
Paraguay,2017,4.9,2.56,15.71,6.76,1.02
Paraguay,2018,3.52,1.93,13.4,5.18,0.7
Paraguay,2019,3.55,1.98,13.28,5.15,0.72
Peru,2010,14.08,1.67,10.59,4.39,1.35
Peru,2011,13.48,1.6,10.33,4.2,1.3
Peru,2012,13.62,1.63,10.31,4.18,1.33
Peru,2013,13.38,1.59,10.18,4.09,1.32
Peru,2014,12.9,1.52,9.78,3.92,1.31
Peru,2015,11.91,1.4,9.25,3.65,1.24
Peru,2016,11.45,1.34,9.12,3.53,1.21
Peru,2017,10.97,1.28,9.1,3.44,1.15
Peru,2018,10.98,1.27,9.22,3.48,1.18
Peru,2019,10.79,1.24,9.24,3.46,1.19
Philippines,2010,23.42,6.62,37.58,17.39,1.62
Philippines,2011,22.24,6.34,36.76,16.31,1.48
Philippines,2012,24.26,6.81,38.21,16.5,1.56
Philippines,2013,25.53,7.03,39.12,16.66,1.58
Philippines,2014,21.21,5.99,34.31,12.86,1.29
Philippines,2015,25.09,6.72,38.0,13.8,1.36
Philippines,2016,27.51,7.22,39.54,14.45,1.45
Philippines,2017,26.6,6.89,38.78,13.76,1.32
Philippines,2018,27.33,6.97,39.1,13.75,1.31
Philippines,2019,29.01,7.28,40.05,14.09,1.36
Poland,2010,3.54,3.28,38.13,8.37,4.6
Poland,2011,3.73,3.28,36.27,8.24,4.58
Poland,2012,3.67,3.13,36.93,7.39,4.17
Poland,2013,4.34,3.19,36.07,6.74,3.94
Poland,2014,3.83,2.85,34.15,6.31,3.98
Poland,2015,4.31,3.02,35.49,5.88,3.85
Poland,2016,3.85,2.52,31.1,5.49,3.63
Poland,2017,4.56,2.5,30.42,5.91,3.64
Poland,2018,5.01,2.41,29.28,5.55,3.52
Poland,2019,4.31,2.08,26.72,4.8,3.02
Portugal,2010,2.46,1.22,8.25,5.16,0.95
Portugal,2011,2.6,1.16,7.62,4.66,0.97
Portugal,2012,2.64,1.07,7.09,4.21,0.8
Portugal,2013,2.31,0.96,6.68,3.72,0.86
Portugal,2014,1.66,0.77,6.27,2.89,0.59
Portugal,2015,1.99,0.89,6.44,3.07,0.69
Portugal,2016,1.97,0.86,6.33,2.93,0.66
Portugal,2017,1.9,0.85,6.43,2.92,0.74
Portugal,2018,1.58,0.76,5.76,2.52,0.6
Portugal,2019,1.38,0.66,5.22,2.24,0.5
Qatar,2010,10.35,5.3,79.9,14.49,2.92
Qatar,2011,9.89,5.01,73.59,13.46,2.82
Qatar,2012,9.57,4.85,69.95,12.78,2.75
Qatar,2013,9.41,4.73,67.83,12.34,2.62
Qatar,2014,9.34,4.68,66.7,12.06,2.49
Qatar,2015,10.11,5.13,70.66,13.16,2.59
Qatar,2016,9.56,4.86,68.14,12.46,2.39
Qatar,2017,9.32,4.78,67.48,12.18,2.38
Qatar,2018,8.89,4.6,66.11,11.67,2.37
Qatar,2019,8.41,4.38,64.62,11.14,2.27
Republic of Korea,2010,3.66,2.23,8.88,8.08,3.48
Republic of Korea,2011,3.84,2.14,8.79,7.25,3.32
Republic of Korea,2012,3.99,2.06,8.48,6.53,3.01
Republic of Korea,2013,4.12,1.91,7.84,6.36,3.18
Republic of Korea,2014,4.34,1.87,7.76,5.82,3.11
Republic of Korea,2015,4.91,1.84,7.7,5.37,2.85
Republic of Korea,2016,5.1,1.62,7.22,4.88,2.78
Republic of Korea,2017,5.41,1.49,6.88,4.41,2.54
Republic of Korea,2018,5.93,1.39,6.75,4.09,2.25
Republic of Korea,2019,5.51,1.26,6.17,3.67,2.27
Republic of Moldova,2010,4.15,3.68,72.51,16.28,1.66
Republic of Moldova,2011,2.99,2.71,62.94,15.0,1.47
Republic of Moldova,2012,3.07,2.22,60.75,14.65,1.41
Republic of Moldova,2013,3.02,2.08,57.86,14.06,1.41
Republic of Moldova,2014,3.68,1.79,58.66,14.34,1.48
Republic of Moldova,2015,3.5,1.61,53.89,12.66,1.26
Republic of Moldova,2016,3.07,1.36,47.32,11.4,1.16
Republic of Moldova,2017,2.65,1.31,45.11,10.32,0.98
Republic of Moldova,2018,3.2,1.21,46.42,10.47,1.19
Republic of Moldova,2019,2.85,1.23,43.16,9.91,1.05
Romania,2010,3.87,2.27,38.16,17.36,2.44
Romania,2011,3.79,2.24,36.55,16.94,2.54
Romania,2012,3.65,2.07,34.97,15.6,2.33
Romania,2013,3.23,1.82,32.11,14.36,2.16
Romania,2014,3.41,1.96,32.59,13.88,2.24
Romania,2015,3.6,1.98,32.91,13.22,2.15
Romania,2016,3.4,1.85,31.01,12.47,2.03
Romania,2017,3.66,1.96,31.14,12.5,2.08
Romania,2018,4.21,1.92,30.6,12.31,2.08
Romania,2019,3.72,1.72,27.98,10.83,1.72
Russian Federation,2010,2.78,1.4,46.28,14.52,1.35
Russian Federation,2011,2.3,1.19,40.38,12.06,1.11
Russian Federation,2012,2.11,1.14,38.61,11.38,1.04
Russian Federation,2013,2.1,1.16,37.67,11.18,1.05
Russian Federation,2014,2.18,1.24,38.45,11.6,1.12
Russian Federation,2015,1.77,1.06,33.66,9.95,0.93
Russian Federation,2016,1.53,0.96,30.78,8.95,0.82
Russian Federation,2017,1.32,0.87,28.12,8.15,0.73
Russian Federation,2018,1.47,0.97,29.93,8.9,0.85
Russian Federation,2019,1.34,0.89,28.02,8.28,0.78
Rwanda,2010,25.13,7.18,19.45,19.79,0.57
Rwanda,2011,23.48,6.98,18.88,19.25,0.57
Rwanda,2012,22.19,6.82,18.43,18.85,0.58
Rwanda,2013,20.99,6.56,17.8,18.15,0.57
Rwanda,2014,20.46,6.46,17.66,17.93,0.58
Rwanda,2015,19.97,6.35,17.6,17.68,0.58
Rwanda,2016,19.75,6.3,17.8,17.56,0.59
Rwanda,2017,19.62,6.25,18.03,17.43,0.6
Rwanda,2018,19.66,6.27,18.44,17.52,0.62
Rwanda,2019,19.75,6.32,18.78,17.68,0.64
Saint Lucia,2010,2.09,1.3,8.4,5.2,0.25
Saint Lucia,2011,2.0,1.23,7.91,4.97,0.24
Saint Lucia,2012,2.14,1.32,8.29,5.35,0.26
Saint Lucia,2013,2.27,1.31,8.41,5.41,0.26
Saint Lucia,2014,2.65,1.45,8.87,5.74,0.3
Saint Lucia,2015,2.89,1.54,9.16,6.05,0.32
Saint Lucia,2016,2.81,1.61,9.61,6.36,0.34
Saint Lucia,2017,3.03,1.72,10.0,6.71,0.36
Saint Lucia,2018,2.87,1.64,9.73,6.43,0.34
Saint Lucia,2019,2.67,1.54,9.35,6.08,0.31
Saint Vincent and the Grenadines,2010,3.25,0.85,19.6,7.51,0.23
Saint Vincent and the Grenadines,2011,2.64,0.96,18.59,6.8,0.22
Saint Vincent and the Grenadines,2012,1.85,0.98,19.12,6.88,0.32
Saint Vincent and the Grenadines,2013,1.73,0.99,18.4,6.59,0.28
Saint Vincent and the Grenadines,2014,2.29,0.99,17.36,6.71,0.32
Saint Vincent and the Grenadines,2015,2.7,1.36,17.09,6.78,0.24
Saint Vincent and the Grenadines,2016,3.0,1.44,14.97,6.38,0.31
Saint Vincent and the Grenadines,2017,3.0,1.58,15.35,6.61,0.27
Saint Vincent and the Grenadines,2018,2.85,1.37,15.23,6.24,0.25
Saint Vincent and the Grenadines,2019,2.75,1.28,14.77,5.95,0.23
Samoa,2010,2.58,2.39,19.45,6.34,0.53
Samoa,2011,2.65,2.47,20.43,6.56,0.55
Samoa,2012,2.76,2.56,21.41,6.83,0.57
Samoa,2013,2.79,2.56,21.42,6.87,0.57
Samoa,2014,2.79,2.54,21.59,6.91,0.56
Samoa,2015,2.89,2.63,22.55,7.2,0.59
Samoa,2016,2.81,2.54,21.91,6.92,0.58
Samoa,2017,2.8,2.53,21.76,6.86,0.59
Samoa,2018,2.82,2.51,21.66,6.8,0.59
Samoa,2019,2.71,2.46,21.48,6.67,0.59
Sao Tome and Principe,2010,27.45,9.25,29.69,17.7,1.65
Sao Tome and Principe,2011,27.17,9.42,30.18,17.82,1.68
Sao Tome and Principe,2012,27.84,9.86,31.53,18.52,1.71
Sao Tome and Principe,2013,26.57,9.57,31.26,18.13,1.73
Sao Tome and Principe,2014,26.3,9.48,31.4,18.07,1.77
Sao Tome and Principe,2015,26.32,9.51,31.36,18.13,1.9
Sao Tome and Principe,2016,26.26,9.52,31.51,18.1,1.94
Sao Tome and Principe,2017,26.35,9.52,31.81,18.04,1.92
Sao Tome and Principe,2018,25.97,9.39,31.55,17.75,1.96
Sao Tome and Principe,2019,25.63,9.26,31.4,17.52,1.96
Saudi Arabia,2010,13.56,5.33,68.33,25.11,0.94
Saudi Arabia,2011,13.28,5.31,66.09,24.75,0.94
Saudi Arabia,2012,13.08,5.27,64.74,24.47,0.96
Saudi Arabia,2013,12.62,5.11,62.99,23.58,0.94
Saudi Arabia,2014,11.91,4.87,60.21,22.25,0.88
Saudi Arabia,2015,11.89,4.85,60.94,22.38,0.94
Saudi Arabia,2016,11.41,4.71,58.65,21.42,0.9
Saudi Arabia,2017,11.34,4.72,58.07,21.24,0.92
Saudi Arabia,2018,10.99,4.59,56.8,20.63,0.91
Saudi Arabia,2019,10.57,4.43,55.37,19.91,0.89
Senegal,2010,24.41,4.81,27.74,16.24,0.36
Senegal,2011,24.1,4.84,27.68,16.23,0.37
Senegal,2012,24.17,4.95,28.02,16.5,0.38
Senegal,2013,22.9,4.78,27.31,15.97,0.37
Senegal,2014,21.97,4.73,27.01,15.82,0.39
Senegal,2015,22.06,4.8,27.25,16.02,0.41
Senegal,2016,21.12,4.64,26.45,15.44,0.4
Senegal,2017,21.11,4.69,26.53,15.48,0.41
Senegal,2018,20.43,4.59,26.26,15.17,0.4
Senegal,2019,19.78,4.48,25.95,14.83,0.4
Serbia,2010,1.36,3.6,31.38,18.37,5.4
Serbia,2011,1.95,3.82,30.74,17.37,5.26
Serbia,2012,1.87,3.53,29.11,16.23,4.92
Serbia,2013,1.87,3.35,28.1,14.49,4.73
Serbia,2014,1.76,3.28,29.07,13.85,4.73
Serbia,2015,2.36,3.35,28.57,13.74,4.59
Serbia,2016,1.98,3.12,26.39,12.46,4.48
Serbia,2017,2.53,3.53,28.15,12.93,4.71
Serbia,2018,2.39,3.35,26.88,12.7,4.67
Serbia,2019,2.15,2.97,24.95,11.36,3.99
Seychelles,2010,12.03,2.96,21.33,8.19,1.39
Seychelles,2011,11.51,2.73,19.97,7.61,1.26
Seychelles,2012,12.65,2.9,20.44,7.97,1.35
Seychelles,2013,13.1,2.89,19.97,7.92,1.37
Seychelles,2014,12.05,2.57,18.74,7.32,1.21
Seychelles,2015,12.33,2.56,18.79,7.48,1.24
Seychelles,2016,13.3,2.77,19.7,7.91,1.39
Seychelles,2017,12.33,2.6,19.2,7.47,1.27
Seychelles,2018,12.15,2.61,19.23,7.44,1.3
Seychelles,2019,12.23,2.65,19.43,7.49,1.35
Sierra Leone,2010,44.58,5.88,37.32,22.58,0.34
Sierra Leone,2011,41.95,5.88,37.01,22.46,0.35
Sierra Leone,2012,43.06,6.12,37.56,23.15,0.38
Sierra Leone,2013,40.91,5.68,35.59,21.63,0.36
Sierra Leone,2014,41.5,5.69,34.94,21.39,0.38
Sierra Leone,2015,41.59,5.72,35.08,21.49,0.39
Sierra Leone,2016,39.93,5.63,35.01,21.28,0.38
Sierra Leone,2017,38.96,5.58,34.86,21.09,0.38
Sierra Leone,2018,38.17,5.51,34.69,20.84,0.38
Sierra Leone,2019,37.25,5.44,34.32,20.56,0.38
Singapore,2010,10.43,1.18,14.24,3.73,1.84
Singapore,2011,10.21,1.0,12.07,3.9,1.81
Singapore,2012,9.71,0.91,10.94,3.74,1.69
Singapore,2013,11.13,0.74,10.72,3.62,1.8
Singapore,2014,10.99,0.76,10.66,3.36,1.75
Singapore,2015,10.72,0.73,10.85,2.57,1.66
Singapore,2016,9.8,0.61,10.44,2.39,1.44
Singapore,2017,9.57,0.55,11.11,2.14,1.28
Singapore,2018,8.74,0.49,10.24,2.05,1.15
Singapore,2019,8.8,0.46,11.15,1.93,1.07
Slovakia,2010,5.25,1.79,47.87,9.26,2.66
Slovakia,2011,4.8,1.67,41.85,8.89,2.73
Slovakia,2012,4.12,1.84,34.57,8.16,2.49
Slovakia,2013,4.39,1.42,35.25,7.22,2.38
Slovakia,2014,3.58,1.41,31.9,7.24,2.26
Slovakia,2015,3.9,1.51,29.47,6.5,2.31
Slovakia,2016,3.74,1.45,26.95,5.86,2.18
Slovakia,2017,3.81,1.47,25.08,5.49,2.24
Slovakia,2018,3.85,1.48,23.14,5.1,2.3
Slovakia,2019,3.32,1.28,19.68,4.19,1.91
Slovenia,2010,2.19,1.49,15.23,5.67,2.8
Slovenia,2011,2.39,1.6,15.13,5.24,2.85
Slovenia,2012,2.8,1.39,14.76,4.99,2.61
Slovenia,2013,2.65,1.23,13.96,4.64,2.34
Slovenia,2014,1.94,1.25,13.81,4.67,2.49
Slovenia,2015,2.2,1.26,14.23,4.48,2.44
Slovenia,2016,1.96,1.15,13.15,4.25,2.31
Slovenia,2017,1.81,1.35,13.35,4.18,2.38
Slovenia,2018,1.49,1.17,12.66,4.38,2.37
Slovenia,2019,0.92,1.21,11.31,3.53,1.79
Solomon Islands,2010,7.71,3.63,32.15,11.76,0.23
Solomon Islands,2011,7.54,3.58,32.29,11.69,0.24
Solomon Islands,2012,7.58,3.58,32.32,11.71,0.25
Solomon Islands,2013,7.72,3.65,33.0,11.92,0.26
Solomon Islands,2014,7.79,3.67,33.2,12.02,0.26
Solomon Islands,2015,7.96,3.79,34.19,12.44,0.28
Solomon Islands,2016,7.67,3.7,33.55,12.13,0.27
Solomon Islands,2017,7.39,3.72,33.77,12.37,0.27
Solomon Islands,2018,7.28,3.8,34.63,12.86,0.28
Solomon Islands,2019,7.04,3.66,33.72,12.39,0.28
Somalia,2010,28.75,4.77,23.26,16.09,0.24
Somalia,2011,25.42,4.8,23.49,16.22,0.24
Somalia,2012,26.62,4.85,23.74,16.35,0.25
Somalia,2013,26.35,4.75,23.5,16.09,0.24
Somalia,2014,23.17,4.73,23.51,16.04,0.24
Somalia,2015,23.43,4.69,23.41,15.9,0.24
Somalia,2016,23.81,4.68,23.39,15.85,0.24
Somalia,2017,21.83,4.69,23.47,15.89,0.24
Somalia,2018,21.81,4.65,23.36,15.77,0.24
Somalia,2019,22.69,4.57,23.07,15.51,0.23
South Africa,2010,20.9,5.31,21.63,13.42,1.81
South Africa,2011,19.15,5.07,20.74,12.82,1.79
South Africa,2012,18.24,4.85,20.0,12.27,1.76
South Africa,2013,17.63,4.72,19.47,11.91,1.75
South Africa,2014,17.4,4.72,19.45,11.89,1.77
South Africa,2015,17.16,4.72,19.63,11.88,1.8
South Africa,2016,17.05,4.66,19.49,11.71,1.75
South Africa,2017,17.0,4.63,19.21,11.49,1.74
South Africa,2018,15.78,4.27,17.49,10.4,1.66
South Africa,2019,15.14,4.06,16.51,9.83,1.63
South Sudan,2010,18.2,2.77,13.07,10.05,0.3
South Sudan,2011,17.9,2.82,13.2,10.12,0.31
South Sudan,2012,17.79,2.89,13.6,10.4,0.31
South Sudan,2013,17.0,2.67,12.81,9.7,0.31
South Sudan,2014,16.81,2.6,12.44,9.47,0.3
South Sudan,2015,17.71,2.72,13.07,9.94,0.31
South Sudan,2016,18.18,2.79,13.44,10.17,0.32
South Sudan,2017,17.71,2.7,13.11,9.81,0.31
South Sudan,2018,18.42,2.83,13.74,10.23,0.32
South Sudan,2019,17.46,2.68,13.45,9.82,0.29
Spain,2010,0.96,1.5,8.48,2.7,1.53
Spain,2011,1.07,1.55,8.39,2.58,1.57
Spain,2012,1.04,1.45,7.86,2.36,1.38
Spain,2013,0.85,1.23,7.12,2.08,1.27
Spain,2014,0.83,1.12,6.57,1.9,1.1
Spain,2015,1.03,1.28,7.01,2.04,1.22
Spain,2016,0.85,1.03,6.23,1.77,1.06
Spain,2017,0.98,1.08,6.42,1.8,1.07
Spain,2018,0.94,1.05,6.16,1.73,1.01
Spain,2019,0.87,0.97,5.8,1.59,0.89
Sri Lanka,2010,4.4,6.19,29.27,6.1,0.65
Sri Lanka,2011,3.89,5.77,27.17,4.48,0.7
Sri Lanka,2012,3.9,6.09,25.99,4.53,0.64
Sri Lanka,2013,4.36,6.49,26.75,4.63,0.71
Sri Lanka,2014,4.0,5.71,25.39,3.99,0.63
Sri Lanka,2015,4.08,5.78,24.64,4.11,0.65
Sri Lanka,2016,4.43,6.13,24.83,4.23,0.72
Sri Lanka,2017,4.22,5.72,23.51,3.93,0.66
Sri Lanka,2018,4.32,5.69,22.94,3.85,0.68
Sri Lanka,2019,4.46,5.72,22.44,3.8,0.7
Sudan,2010,9.44,3.51,47.97,14.95,0.22
Sudan,2011,9.45,3.65,49.9,15.44,0.23
Sudan,2012,9.01,3.56,49.03,15.12,0.23
Sudan,2013,8.39,3.48,48.66,14.84,0.22
Sudan,2014,7.75,3.36,47.39,14.39,0.22
Sudan,2015,7.73,3.39,47.77,14.56,0.23
Sudan,2016,7.42,3.34,47.63,14.42,0.23
Sudan,2017,7.37,3.34,47.84,14.41,0.23
Sudan,2018,6.7,3.23,47.53,14.09,0.23
Sudan,2019,6.13,3.14,47.18,13.84,0.23
Suriname,2010,3.26,1.34,16.76,9.43,0.8
Suriname,2011,3.09,1.3,16.35,8.91,0.79
Suriname,2012,3.38,1.39,16.85,9.19,0.86
Suriname,2013,3.27,1.35,16.65,8.97,0.82
Suriname,2014,3.49,1.43,17.23,9.4,0.89
Suriname,2015,3.75,1.52,18.11,9.95,0.96
Suriname,2016,3.88,1.57,18.86,10.26,0.99
Suriname,2017,4.16,1.68,20.06,10.93,1.06
Suriname,2018,4.22,1.71,21.0,11.26,1.06
Suriname,2019,4.1,1.66,21.08,11.14,1.02
Sweden,2010,0.47,0.89,10.89,2.04,0.54
Sweden,2011,0.66,0.96,10.6,2.06,0.56
Sweden,2012,0.57,0.84,9.48,1.75,0.43
Sweden,2013,0.54,0.73,8.41,1.56,0.39
Sweden,2014,0.39,0.65,7.58,1.38,0.34
Sweden,2015,0.52,0.69,7.53,1.31,0.35
Sweden,2016,0.38,0.58,6.37,1.11,0.28
Sweden,2017,0.41,0.6,6.14,1.06,0.28
Sweden,2018,0.5,0.62,6.18,1.1,0.28
Sweden,2019,0.44,0.6,5.77,1.0,0.27
Switzerland,2010,0.79,1.31,10.73,2.08,1.32
Switzerland,2011,0.87,1.3,10.13,1.98,1.34
Switzerland,2012,0.82,1.23,9.99,1.84,1.14
Switzerland,2013,0.81,1.24,9.33,1.83,1.09
Switzerland,2014,0.65,1.05,8.43,1.56,0.97
Switzerland,2015,0.92,1.16,8.5,1.61,1.0
Switzerland,2016,0.62,1.0,7.52,1.45,0.88
Switzerland,2017,0.81,1.02,7.55,1.43,0.88
Switzerland,2018,0.8,1.03,7.44,1.41,0.86
Switzerland,2019,0.72,0.91,6.8,1.25,0.72
Syrian Arab Republic,2010,4.87,2.45,60.6,10.99,2.28
Syrian Arab Republic,2011,4.63,2.43,60.19,10.87,2.24
Syrian Arab Republic,2012,4.87,2.43,59.9,10.8,2.23
Syrian Arab Republic,2013,5.49,2.43,60.38,10.89,2.19
Syrian Arab Republic,2014,5.28,2.24,55.82,10.07,2.12
Syrian Arab Republic,2015,4.86,2.23,55.31,10.06,2.14
Syrian Arab Republic,2016,4.34,2.35,58.77,10.7,2.13
Syrian Arab Republic,2017,4.82,2.47,61.74,11.22,2.14
Syrian Arab Republic,2018,5.3,2.47,61.51,11.2,2.13
Syrian Arab Republic,2019,4.97,2.5,62.29,11.36,2.12
Tajikistan,2010,16.63,8.99,107.1,42.37,1.43
Tajikistan,2011,17.14,9.54,114.5,44.04,1.56
Tajikistan,2012,16.76,9.43,116.4,43.02,1.52
Tajikistan,2013,15.9,8.9,115.0,40.54,1.41
Tajikistan,2014,15.43,8.66,117.2,39.35,1.34
Tajikistan,2015,15.27,8.61,120.5,38.8,1.32
Tajikistan,2016,15.07,8.58,123.9,37.92,1.3
Tajikistan,2017,14.43,8.32,120.4,37.2,1.27
Tajikistan,2018,13.73,7.82,112.3,35.07,1.24
Tajikistan,2019,12.81,7.24,105.6,32.85,1.16
Thailand,2010,6.09,3.91,11.56,7.79,2.83
Thailand,2011,5.85,3.52,10.86,7.18,2.57
Thailand,2012,6.17,3.42,10.67,7.14,2.62
Thailand,2013,6.48,3.26,10.51,7.07,2.61
Thailand,2014,6.28,2.9,10.1,6.66,2.3
Thailand,2015,6.56,2.8,10.05,6.69,2.3
Thailand,2016,7.16,2.94,10.52,7.11,2.49
Thailand,2017,6.58,2.71,10.17,6.63,2.24
Thailand,2018,6.58,2.72,10.33,6.68,2.26
Thailand,2019,6.63,2.77,10.52,6.8,2.35
Timor-Leste,2010,14.15,6.02,24.16,17.76,0.97
Timor-Leste,2011,13.53,5.74,23.86,17.13,0.95
Timor-Leste,2012,13.57,5.71,23.53,16.93,1.04
Timor-Leste,2013,13.35,5.77,23.91,17.11,1.08
Timor-Leste,2014,12.25,5.42,23.45,16.37,1.0
Timor-Leste,2015,11.72,5.19,22.85,15.89,1.02
Timor-Leste,2016,12.6,5.68,24.22,17.06,1.11
Timor-Leste,2017,11.51,5.28,23.43,16.12,1.03
Timor-Leste,2018,11.71,5.52,24.23,16.65,1.04
Timor-Leste,2019,11.96,5.78,25.05,17.31,1.08
Togo,2010,40.45,6.12,37.66,22.47,0.31
Togo,2011,40.73,6.18,37.73,22.54,0.32
Togo,2012,40.31,6.16,37.52,22.36,0.32
Togo,2013,38.89,5.98,36.87,21.77,0.31
Togo,2014,37.6,5.9,36.25,21.37,0.31
Togo,2015,37.55,6.04,36.84,21.74,0.33
Togo,2016,36.14,5.86,35.91,20.97,0.33
Togo,2017,35.1,5.73,35.25,20.38,0.33
Togo,2018,34.11,5.61,34.72,19.87,0.33
Togo,2019,33.05,5.44,34.19,19.37,0.32
Tonga,2010,2.56,1.86,14.23,3.97,0.67
Tonga,2011,2.52,1.83,14.32,3.92,0.66
Tonga,2012,2.6,1.88,14.71,4.02,0.68
Tonga,2013,2.6,1.88,14.7,4.02,0.68
Tonga,2014,2.69,1.94,15.17,4.16,0.71
Tonga,2015,2.71,1.96,15.33,4.21,0.72
Tonga,2016,2.72,1.98,15.23,4.21,0.75
Tonga,2017,2.7,1.96,15.0,4.14,0.74
Tonga,2018,2.68,1.94,14.85,4.1,0.76
Tonga,2019,2.62,1.91,14.55,4.02,0.76
Trinidad and Tobago,2010,1.91,0.79,19.23,5.6,0.69
Trinidad and Tobago,2011,1.53,0.68,16.63,4.75,0.62
Trinidad and Tobago,2012,1.6,0.73,16.64,5.05,0.65
Trinidad and Tobago,2013,1.62,0.69,16.35,4.83,0.62
Trinidad and Tobago,2014,1.65,0.7,16.05,4.81,0.64
Trinidad and Tobago,2015,1.68,0.71,15.81,4.8,0.66
Trinidad and Tobago,2016,1.65,0.69,15.37,4.66,0.64
Trinidad and Tobago,2017,1.65,0.68,15.0,4.59,0.63
Trinidad and Tobago,2018,1.53,0.63,14.08,4.24,0.57
Trinidad and Tobago,2019,1.42,0.58,13.3,3.96,0.52
Tunisia,2010,4.02,2.46,40.33,11.56,1.75
Tunisia,2011,3.83,2.37,39.24,11.13,1.67
Tunisia,2012,3.73,2.34,38.68,10.92,1.65
Tunisia,2013,3.68,2.33,38.44,10.81,1.67
Tunisia,2014,3.72,2.38,38.47,10.86,1.73
Tunisia,2015,3.57,2.3,37.68,10.5,1.67
Tunisia,2016,3.67,2.38,38.26,10.69,1.74
Tunisia,2017,3.56,2.3,37.69,10.36,1.66
Tunisia,2018,3.64,2.34,37.92,10.45,1.72
Tunisia,2019,3.55,2.27,37.2,10.16,1.67
Turkmenistan,2010,6.11,1.87,80.99,25.32,1.25
Turkmenistan,2011,6.23,1.94,82.99,26.73,1.41
Turkmenistan,2012,5.76,1.82,79.13,25.97,1.37
Turkmenistan,2013,5.28,1.72,76.43,24.97,1.35
Turkmenistan,2014,4.91,1.63,73.75,23.94,1.34
Turkmenistan,2015,4.69,1.56,71.1,22.77,1.3
Turkmenistan,2016,4.58,1.55,69.23,21.9,1.26
Turkmenistan,2017,4.31,1.45,64.84,20.1,1.18
Turkmenistan,2018,4.26,1.44,63.78,19.56,1.18
Turkmenistan,2019,4.01,1.38,62.02,18.53,1.1
Trkiye,2010,2.33,4.89,22.83,8.38,4.52
Trkiye,2011,2.32,4.84,22.09,8.08,4.59
Trkiye,2012,2.35,4.71,21.83,7.78,4.52
Trkiye,2013,2.64,4.75,22.27,7.76,4.57
Trkiye,2014,2.79,4.71,22.42,7.61,4.51
Trkiye,2015,2.97,4.58,22.03,7.38,4.44
Trkiye,2016,3.1,4.47,21.81,7.22,4.27
Trkiye,2017,3.18,4.44,21.58,7.22,4.27
Trkiye,2018,3.13,4.32,21.22,7.04,4.24
Trkiye,2019,3.07,4.23,21.02,6.92,4.18
Uganda,2010,26.18,5.98,21.45,18.91,0.39
Uganda,2011,26.13,5.97,21.31,18.7,0.4
Uganda,2012,25.3,5.84,20.66,18.02,0.41
Uganda,2013,24.3,5.69,20.18,17.55,0.42
Uganda,2014,22.65,5.45,19.38,16.87,0.42
Uganda,2015,22.14,5.36,19.25,16.75,0.42
Uganda,2016,22.07,5.38,19.54,16.89,0.43
Uganda,2017,20.78,5.12,18.83,15.99,0.42
Uganda,2018,20.61,5.11,18.85,15.86,0.43
Uganda,2019,20.43,5.08,18.95,15.82,0.43
Ukraine,2010,2.13,1.85,72.91,13.51,1.78
Ukraine,2011,1.89,1.57,67.01,12.09,1.61
Ukraine,2012,1.79,1.41,65.01,11.45,1.53
Ukraine,2013,1.8,1.36,65.2,11.4,1.53
Ukraine,2014,1.95,1.38,67.06,11.71,1.59
Ukraine,2015,1.64,1.15,60.59,10.15,1.33
Ukraine,2016,1.52,1.04,56.91,9.28,1.19
Ukraine,2017,1.42,1.01,53.1,8.7,1.11
Ukraine,2018,1.6,1.13,55.67,9.4,1.29
Ukraine,2019,1.5,1.09,53.27,8.93,1.2
United Arab Emirates,2010,13.01,6.03,41.04,15.76,1.14
United Arab Emirates,2011,12.76,6.0,40.65,15.46,1.13
United Arab Emirates,2012,12.57,5.99,40.64,15.33,1.14
United Arab Emirates,2013,12.15,5.86,39.93,14.92,1.12
United Arab Emirates,2014,11.75,5.67,38.87,14.45,1.14
United Arab Emirates,2015,12.1,5.79,39.41,14.76,1.19
United Arab Emirates,2016,12.18,5.72,39.17,14.68,1.17
United Arab Emirates,2017,12.53,5.75,39.4,14.86,1.16
United Arab Emirates,2018,12.35,5.64,38.52,14.48,1.11
United Arab Emirates,2019,11.97,5.47,37.55,13.99,1.07
United Kingdom of Great Britain and Northern Ireland,2010,2.84,2.13,11.84,3.37,1.78
United Kingdom of Great Britain and Northern Ireland,2011,2.76,2.16,10.67,2.88,1.79
United Kingdom of Great Britain and Northern Ireland,2012,2.48,2.08,10.12,2.67,1.58
United Kingdom of Great Britain and Northern Ireland,2013,2.44,2.09,9.85,2.54,1.51
United Kingdom of Great Britain and Northern Ireland,2014,2.31,1.84,8.82,2.31,1.36
United Kingdom of Great Britain and Northern Ireland,2015,2.7,2.02,8.84,2.34,1.34
United Kingdom of Great Britain and Northern Ireland,2016,2.31,1.81,8.05,2.07,1.19
United Kingdom of Great Britain and Northern Ireland,2017,2.31,1.71,7.72,1.97,1.13
United Kingdom of Great Britain and Northern Ireland,2018,2.34,1.66,7.45,1.89,1.1
United Kingdom of Great Britain and Northern Ireland,2019,2.22,1.53,6.97,1.74,1.0
United Republic of Tanzania,2010,13.74,2.08,14.18,11.46,0.038
United Republic of Tanzania,2011,13.22,2.02,13.97,11.17,0.038
United Republic of Tanzania,2012,12.82,1.97,13.67,10.82,0.04
United Republic of Tanzania,2013,12.16,1.99,13.99,10.82,0.039
United Republic of Tanzania,2014,11.61,1.92,13.55,10.43,0.038
United Republic of Tanzania,2015,11.59,1.93,13.6,10.48,0.039
United Republic of Tanzania,2016,11.54,1.93,13.83,10.5,0.039
United Republic of Tanzania,2017,11.11,1.88,13.67,10.15,0.039
United Republic of Tanzania,2018,10.94,1.87,13.6,9.97,0.043
United Republic of Tanzania,2019,10.81,1.86,13.66,9.91,0.042
United States of America,2010,0.9,2.09,13.05,1.9,1.29
United States of America,2011,0.96,2.13,12.75,1.87,1.26
United States of America,2012,0.84,2.03,12.3,1.79,1.18
United States of America,2013,0.9,1.99,11.89,1.7,1.08
United States of America,2014,0.87,1.9,11.47,1.69,1.02
United States of America,2015,0.81,1.88,11.21,1.69,0.93
United States of America,2016,0.65,1.63,10.28,1.53,0.74
United States of America,2017,0.73,1.76,10.62,1.63,0.77
United States of America,2018,0.77,1.84,10.89,1.65,0.82
United States of America,2019,0.64,1.57,9.91,1.45,0.65
Uruguay,2010,2.07,1.9,11.69,3.99,1.1
Uruguay,2011,1.93,1.82,11.12,3.87,1.09
Uruguay,2012,2.1,1.8,11.19,3.57,1.0
Uruguay,2013,2.08,1.8,10.32,3.67,1.15
Uruguay,2014,1.73,1.73,9.93,3.41,1.16
Uruguay,2015,1.82,2.06,10.51,3.69,1.2
Uruguay,2016,2.2,2.05,10.38,3.61,1.16
Uruguay,2017,1.63,1.68,9.3,2.93,1.02
Uruguay,2018,1.65,1.76,9.25,3.05,0.98
Uruguay,2019,1.58,1.7,9.03,2.95,0.92
Uzbekistan,2010,7.74,2.35,106.0,25.19,1.49
Uzbekistan,2011,7.88,2.48,113.1,26.27,1.66
Uzbekistan,2012,7.63,2.42,113.9,25.5,1.67
Uzbekistan,2013,7.07,2.34,109.8,23.7,1.58
Uzbekistan,2014,6.76,2.3,109.2,22.93,1.55
Uzbekistan,2015,6.49,2.21,105.7,21.81,1.49
Uzbekistan,2016,5.99,2.19,102.2,21.14,1.49
Uzbekistan,2017,5.63,2.19,98.9,20.59,1.44
Uzbekistan,2018,5.28,2.18,95.46,20.04,1.41
Uzbekistan,2019,4.76,2.07,90.11,18.83,1.3
Vanuatu,2010,4.68,4.68,35.23,11.75,0.25
Vanuatu,2011,4.76,4.78,36.47,12.05,0.27
Vanuatu,2012,4.77,4.76,36.65,12.04,0.27
Vanuatu,2013,4.85,4.8,37.04,12.15,0.28
Vanuatu,2014,4.78,4.72,36.66,12.03,0.28
Vanuatu,2015,4.93,4.84,37.81,12.45,0.3
Vanuatu,2016,4.88,4.77,37.25,12.27,0.3
Vanuatu,2017,4.8,4.68,36.85,12.11,0.29
Vanuatu,2018,4.84,4.69,36.92,12.17,0.3
Vanuatu,2019,4.55,4.42,35.86,11.64,0.28
Venezuela (Bolivarian Republic of),2010,4.13,2.89,24.64,7.1,1.47
Venezuela (Bolivarian Republic of),2011,4.23,2.92,25.2,7.08,1.42
Venezuela (Bolivarian Republic of),2012,4.03,2.72,23.83,6.78,1.37
Venezuela (Bolivarian Republic of),2013,4.51,2.75,23.35,6.58,1.39
Venezuela (Bolivarian Republic of),2014,4.76,2.93,24.54,6.59,1.36
Venezuela (Bolivarian Republic of),2015,4.52,2.77,23.05,6.42,1.34
Venezuela (Bolivarian Republic of),2016,4.87,2.74,22.77,6.33,1.3
Venezuela (Bolivarian Republic of),2017,4.77,2.63,21.88,6.03,1.23
Venezuela (Bolivarian Republic of),2018,4.53,2.42,20.48,5.56,1.11
Venezuela (Bolivarian Republic of),2019,4.41,2.29,19.42,5.25,1.05
Viet Nam,2010,6.17,5.45,17.62,25.24,2.05
Viet Nam,2011,5.85,5.14,17.38,24.08,1.92
Viet Nam,2012,6.02,5.28,17.85,24.46,2.02
Viet Nam,2013,6.2,5.36,18.22,24.54,2.11
Viet Nam,2014,5.48,4.93,17.71,22.68,1.91
Viet Nam,2015,5.59,4.96,17.94,22.46,1.95
Viet Nam,2016,5.88,5.25,18.68,23.1,2.13
Viet Nam,2017,5.41,4.86,18.27,21.37,1.94
Viet Nam,2018,5.35,4.83,18.48,20.95,1.95
Viet Nam,2019,5.36,4.92,18.84,20.94,2.03
Yemen,2010,13.15,6.02,66.77,22.23,0.73
Yemen,2011,12.89,6.17,67.76,22.5,0.77
Yemen,2012,12.83,6.27,68.41,22.66,0.79
Yemen,2013,12.72,6.11,67.49,22.14,0.78
Yemen,2014,12.18,5.82,65.73,21.28,0.75
Yemen,2015,12.59,5.93,66.67,21.68,0.79
Yemen,2016,12.47,5.88,66.47,21.47,0.77
Yemen,2017,12.81,6.0,67.61,21.86,0.79
Yemen,2018,12.12,5.98,67.73,21.84,0.78
Yemen,2019,12.88,6.07,68.88,22.23,0.78
Zambia,2010,19.52,3.57,21.16,17.62,0.31
Zambia,2011,19.54,3.59,20.96,18.37,0.32
Zambia,2012,18.9,3.51,19.94,18.53,0.33
Zambia,2013,17.91,3.4,18.99,18.65,0.32
Zambia,2014,16.75,3.33,18.16,18.95,0.32
Zambia,2015,16.04,3.28,17.33,19.32,0.33
Zambia,2016,15.38,3.21,16.44,19.68,0.33
Zambia,2017,15.09,3.16,16.57,19.06,0.33
Zambia,2018,14.7,3.1,16.42,18.53,0.33
Zambia,2019,14.01,2.99,15.85,17.68,0.33
Zimbabwe,2010,25.1,2.39,30.53,11.27,0.27
Zimbabwe,2011,24.47,2.36,29.92,10.98,0.27
Zimbabwe,2012,23.32,2.32,29.51,10.71,0.27
Zimbabwe,2013,21.85,2.27,29.04,10.42,0.26
Zimbabwe,2014,21.3,2.26,29.0,10.27,0.27
Zimbabwe,2015,21.1,2.27,28.98,10.14,0.27
Zimbabwe,2016,20.13,2.22,28.38,9.8,0.27
Zimbabwe,2017,19.07,2.17,27.51,9.43,0.28
Zimbabwe,2018,18.39,2.12,26.85,9.12,0.28
Zimbabwe,2019,18.14,2.1,26.76,9.02,0.28
