location,year,acute_lower_respiratory_infections,chronic_obstructive_pulmonary_disease,ischaemic_heart_disease,stroke,"trachea,_bronchus,_lung_cancers"
Afghanistan,2010,7825.0,983.3,8913.0,3307.0,178.1
Afghanistan,2011,7231.0,982.1,8971.0,3313.0,180.6
Afghanistan,2012,6971.0,1010.0,9199.0,3402.0,190.6
Afghanistan,2013,7288.0,1063.0,9549.0,3557.0,205.6
Afghanistan,2014,6417.0,1053.0,9630.0,3554.0,206.8
Afghanistan,2015,5864.0,1066.0,9911.0,3633.0,214.3
Afghanistan,2016,5654.0,1087.0,10217.0,3725.0,216.2
Afghanistan,2017,5375.0,1108.0,10521.0,3793.0,219.3
Afghanistan,2018,5323.0,1209.0,11201.0,4094.0,248.0
Afghanistan,2019,5236.0,1174.0,11292.0,4052.0,238.1
Albania,2010,65.33,60.73,1007.0,561.7,99.16
Albania,2011,65.3,64.22,1008.0,572.9,100.2
Albania,2012,71.32,72.91,1140.0,681.6,90.42
Albania,2013,67.21,69.06,1105.0,650.2,82.13
Albania,2014,68.41,70.92,1134.0,667.5,80.15
Albania,2015,75.74,79.53,1260.0,749.5,85.1
Albania,2016,81.85,84.51,1351.0,806.9,80.65
Albania,2017,95.59,96.87,1519.0,923.9,85.99
Albania,2018,109.8,109.4,1689.0,1045.0,91.23
Albania,2019,104.8,104.1,1722.0,1029.0,77.47
Algeria,2010,1218.0,450.8,8185.0,2296.0,278.7
Algeria,2011,1262.0,476.1,8551.0,2401.0,290.3
Algeria,2012,1343.0,513.5,9000.0,2549.0,314.4
Algeria,2013,1326.0,508.8,9105.0,2534.0,303.4
Algeria,2014,1449.0,550.6,9616.0,2703.0,332.9
Algeria,2015,1496.0,568.4,9922.0,2773.0,343.9
Algeria,2016,1531.0,601.5,10369.0,2894.0,363.6
Algeria,2017,1536.0,632.3,10825.0,3011.0,380.5
Algeria,2018,1502.0,650.4,11243.0,3094.0,383.6
Algeria,2019,1495.0,674.1,11654.0,3188.0,397.3
Angola,2010,6443.0,307.5,1633.0,1151.0,27.09
Angola,2011,6201.0,307.7,1636.0,1153.0,29.2
Angola,2012,5999.0,314.5,1723.0,1205.0,29.73
Angola,2013,5654.0,320.0,1772.0,1240.0,31.21
Angola,2014,4850.0,305.7,1712.0,1192.0,31.68
Angola,2015,5135.0,315.9,1794.0,1248.0,33.98
Angola,2016,5070.0,327.9,1859.0,1292.0,36.45
Angola,2017,4872.0,325.6,1880.0,1284.0,37.8
Angola,2018,4838.0,335.2,1961.0,1324.0,40.08
Angola,2019,5083.0,354.3,2085.0,1408.0,42.98
Antigua and Barbuda,2010,1.88,0.77,12.3,3.39,0.22
Antigua and Barbuda,2011,1.74,0.75,11.79,3.51,0.19
Antigua and Barbuda,2012,1.13,1.02,12.09,3.78,0.21
Antigua and Barbuda,2013,1.25,0.94,11.81,4.3,0.17
Antigua and Barbuda,2014,2.02,1.0,11.85,5.05,0.11
Antigua and Barbuda,2015,2.23,1.06,11.53,5.51,0.19
Antigua and Barbuda,2016,2.17,1.12,12.16,5.01,0.21
Antigua and Barbuda,2017,1.71,1.19,12.75,5.25,0.28
Antigua and Barbuda,2018,2.12,1.16,12.58,5.49,0.23
Antigua and Barbuda,2019,1.99,1.1,12.36,5.28,0.22
Argentina,2010,3028.0,2434.0,9511.0,2191.0,573.6
Argentina,2011,3090.0,2486.0,9593.0,2105.0,593.1
Argentina,2012,3051.0,2346.0,9304.0,2053.0,574.9
Argentina,2013,3833.0,2504.0,9419.0,2200.0,630.8
Argentina,2014,3852.0,2370.0,8553.0,2257.0,609.5
Argentina,2015,4459.0,2412.0,8758.0,2438.0,662.1
Argentina,2016,5341.0,2504.0,9173.0,2499.0,635.4
Argentina,2017,5068.0,2322.0,8291.0,2218.0,597.4
Argentina,2018,4617.0,2176.0,8079.0,2069.0,555.3
Argentina,2019,5098.0,2113.0,8258.0,2142.0,531.7
Armenia,2010,159.1,218.9,2203.0,559.0,192.0
Armenia,2011,151.7,239.2,2277.0,580.8,216.9
Armenia,2012,146.4,223.6,2321.0,554.4,207.6
Armenia,2013,160.3,212.0,2272.0,489.4,184.9
Armenia,2014,166.8,234.8,2267.0,494.1,194.4
Armenia,2015,206.1,266.9,2144.0,453.7,208.0
Armenia,2016,258.2,246.1,2382.0,454.9,193.6
Armenia,2017,262.7,167.1,2461.0,442.1,176.2
Armenia,2018,417.5,141.7,2453.0,341.2,159.4
Armenia,2019,325.5,158.4,2174.0,359.0,148.4
Australia,2010,233.2,435.5,3727.0,875.7,299.1
Australia,2011,217.4,420.1,3538.0,812.5,254.8
Australia,2012,219.8,374.7,3130.0,708.5,214.8
Australia,2013,200.3,395.3,3029.0,684.8,212.8
Australia,2014,215.6,401.2,2986.0,661.2,195.4
Australia,2015,210.3,379.9,2812.0,626.4,181.5
Australia,2016,234.8,389.8,2773.0,617.1,184.7
Australia,2017,316.0,427.0,2818.0,629.8,194.0
Australia,2018,244.1,421.7,2709.0,642.3,215.6
Australia,2019,409.9,591.9,3206.0,788.1,318.2
Austria,2010,191.6,399.3,3740.0,637.1,274.5
Austria,2011,191.2,395.3,3700.0,625.2,279.4
Austria,2012,141.5,373.9,3665.0,623.1,253.2
Austria,2013,124.2,383.6,3611.0,609.0,250.4
Austria,2014,107.5,339.8,3360.0,555.7,243.3
Austria,2015,158.9,404.3,3654.0,601.3,257.3
Austria,2016,146.0,355.9,3308.0,504.1,232.9
Austria,2017,217.4,398.6,3319.0,519.8,230.2
Austria,2018,255.3,402.6,3314.0,510.7,247.9
Austria,2019,191.6,371.0,3019.0,490.4,217.4
Azerbaijan,2010,551.1,243.9,5974.0,1877.0,124.6
Azerbaijan,2011,579.4,274.2,6467.0,2024.0,145.2
Azerbaijan,2012,562.6,285.1,6739.0,2055.0,151.2
Azerbaijan,2013,523.4,284.2,6877.0,2021.0,148.3
Azerbaijan,2014,484.7,289.0,7099.0,2026.0,147.7
Azerbaijan,2015,465.3,294.8,7265.0,2030.0,151.1
Azerbaijan,2016,455.9,303.8,7539.0,2051.0,152.7
Azerbaijan,2017,440.7,307.8,7751.0,2052.0,153.4
Azerbaijan,2018,419.6,298.7,7552.0,1965.0,153.4
Azerbaijan,2019,388.5,282.8,7350.0,1858.0,146.4
Bahamas,2010,2.34,0.58,17.46,5.04,0.2
Bahamas,2011,2.22,0.57,17.5,5.0,0.2
Bahamas,2012,2.89,0.74,21.32,6.28,0.26
Bahamas,2013,2.5,0.65,18.85,5.51,0.23
Bahamas,2014,2.92,0.78,21.94,6.47,0.28
Bahamas,2015,2.95,0.8,23.02,6.68,0.29
Bahamas,2016,3.54,0.94,26.94,7.88,0.35
Bahamas,2017,4.06,1.09,30.07,8.97,0.41
Bahamas,2018,3.91,1.06,30.16,8.89,0.39
Bahamas,2019,3.24,0.9,26.93,7.73,0.31
Bahrain,2010,32.5,28.73,197.0,44.11,12.18
Bahrain,2011,28.98,26.36,193.0,43.74,11.63
Bahrain,2012,26.5,24.0,187.0,42.97,11.1
Bahrain,2013,27.16,21.95,179.7,41.62,10.77
Bahrain,2014,25.82,21.05,178.4,40.98,10.64
Bahrain,2015,26.87,22.78,190.8,43.51,12.29
Bahrain,2016,27.75,23.82,201.1,45.28,12.62
Bahrain,2017,30.71,26.73,223.3,50.23,14.1
Bahrain,2018,33.71,29.9,248.4,55.54,15.59
Bahrain,2019,34.95,31.19,264.6,58.04,16.37
Bangladesh,2010,12702.0,10323.0,22595.0,25797.0,1779.0
Bangladesh,2011,11409.0,9366.0,21636.0,24025.0,1789.0
Bangladesh,2012,10911.0,8645.0,21187.0,22698.0,1815.0
Bangladesh,2013,10809.0,8875.0,21942.0,23240.0,1902.0
Bangladesh,2014,10551.0,9114.0,22834.0,23684.0,1928.0
Bangladesh,2015,10081.0,8928.0,23478.0,23544.0,1961.0
Bangladesh,2016,9480.0,9029.0,24086.0,23513.0,1956.0
Bangladesh,2017,9552.0,9712.0,26012.0,24838.0,2021.0
Bangladesh,2018,9912.0,10540.0,28001.0,26340.0,2260.0
Bangladesh,2019,9283.0,10277.0,28564.0,25736.0,2201.0
Barbados,2010,17.06,5.03,49.25,24.21,1.37
Barbados,2011,18.51,4.75,45.92,25.82,1.43
Barbados,2012,19.09,4.78,47.74,27.21,1.49
Barbados,2013,18.91,4.39,48.99,27.45,1.35
Barbados,2014,20.77,5.09,50.7,28.99,1.61
Barbados,2015,22.37,5.43,52.57,30.53,1.77
Barbados,2016,22.49,5.47,53.44,30.78,1.76
Barbados,2017,24.05,5.83,55.62,32.42,1.92
Barbados,2018,23.37,5.74,55.79,32.03,1.85
Barbados,2019,22.88,5.72,56.78,32.03,1.78
Belarus,2010,266.2,337.7,12411.0,2492.0,302.6
Belarus,2011,249.5,294.1,12018.0,2313.0,271.8
Belarus,2012,213.5,267.5,11426.0,2142.0,237.5
Belarus,2013,210.5,253.5,11628.0,2142.0,235.4
Belarus,2014,206.9,249.7,11447.0,2105.0,242.1
Belarus,2015,182.1,238.6,10726.0,1949.0,212.5
Belarus,2016,169.4,229.3,10338.0,1841.0,193.8
Belarus,2017,164.8,230.1,10165.0,1804.0,190.0
Belarus,2018,183.3,259.4,10665.0,1948.0,219.1
Belarus,2019,171.5,251.1,10165.0,1850.0,210.3
Belgium,2010,739.4,771.4,3388.0,917.3,537.1
Belgium,2011,724.1,752.8,3215.0,911.4,544.1
Belgium,2012,722.4,757.6,3143.0,865.3,458.1
Belgium,2013,748.6,732.5,3030.0,848.5,458.2
Belgium,2014,601.2,622.7,2767.0,772.9,415.6
Belgium,2015,769.3,683.2,2887.0,784.7,404.5
Belgium,2016,668.2,610.6,2661.0,746.9,377.3
Belgium,2017,716.0,629.4,2767.0,753.4,381.0
Belgium,2018,726.9,620.4,2738.0,741.4,375.0
Belgium,2019,682.9,572.5,2599.0,689.1,340.8
Belize,2010,6.83,2.15,19.84,6.76,0.83
Belize,2011,6.95,2.17,19.99,6.83,0.83
Belize,2012,7.4,2.33,20.64,7.2,0.9
Belize,2013,7.62,2.48,21.29,7.47,0.95
Belize,2014,8.4,2.88,23.5,8.4,1.09
Belize,2015,8.93,3.16,24.75,8.86,1.2
Belize,2016,9.21,3.25,25.3,9.16,1.22
Belize,2017,10.02,3.48,27.54,9.94,1.32
Belize,2018,9.95,3.49,28.33,10.05,1.34
Belize,2019,10.16,3.55,29.49,10.35,1.34
Benin,2010,2609.0,177.8,985.8,747.2,6.45
Benin,2011,2615.0,185.5,1028.0,774.2,6.82
Benin,2012,2609.0,191.9,1070.0,799.3,7.17
Benin,2013,2568.0,192.4,1091.0,807.6,7.24
Benin,2014,2590.0,195.7,1114.0,825.4,7.6
Benin,2015,2703.0,203.6,1177.0,868.1,8.17
Benin,2016,2680.0,207.7,1207.0,886.3,8.38
Benin,2017,2672.0,212.2,1237.0,904.8,8.68
Benin,2018,2625.0,215.7,1265.0,917.8,8.79
Benin,2019,2588.0,215.3,1276.0,917.2,8.94
Bhutan,2010,48.14,66.18,113.7,42.67,4.14
Bhutan,2011,45.38,68.24,118.1,43.68,4.24
Bhutan,2012,44.51,72.55,124.9,45.98,4.51
Bhutan,2013,44.02,76.58,130.9,48.04,4.76
Bhutan,2014,42.62,77.76,134.8,48.77,4.8
Bhutan,2015,41.67,79.1,138.7,49.64,4.88
Bhutan,2016,40.14,78.88,140.1,49.42,4.82
Bhutan,2017,39.98,80.54,147.1,50.85,4.8
Bhutan,2018,42.7,87.3,156.6,54.38,5.33
Bhutan,2019,40.42,84.8,158.3,53.43,5.1
Bolivia (Plurinational State of),2010,1578.0,433.2,1687.0,799.3,74.12
Bolivia (Plurinational State of),2011,1537.0,433.9,1746.0,803.7,72.76
Bolivia (Plurinational State of),2012,1575.0,456.6,1833.0,835.4,77.15
Bolivia (Plurinational State of),2013,1617.0,478.8,1930.0,873.5,80.8
Bolivia (Plurinational State of),2014,1655.0,514.7,2039.0,934.6,85.02
Bolivia (Plurinational State of),2015,1638.0,519.7,2103.0,946.4,86.24
Bolivia (Plurinational State of),2016,1698.0,539.6,2218.0,973.1,91.72
Bolivia (Plurinational State of),2017,1647.0,528.5,2238.0,955.9,88.57
Bolivia (Plurinational State of),2018,1713.0,555.7,2343.0,993.9,94.34
Bolivia (Plurinational State of),2019,1788.0,584.0,2448.0,1035.0,100.5
Bosnia and Herzegovina,2010,109.0,241.6,2125.0,1398.0,298.9
Bosnia and Herzegovina,2011,113.6,250.5,2199.0,1455.0,311.1
Bosnia and Herzegovina,2012,108.5,234.3,2145.0,1367.0,288.4
Bosnia and Herzegovina,2013,103.9,219.7,2098.0,1286.0,271.7
Bosnia and Herzegovina,2014,104.1,216.3,2087.0,1259.0,273.8
Bosnia and Herzegovina,2015,102.3,204.1,2044.0,1215.0,265.7
Bosnia and Herzegovina,2016,102.7,196.1,2038.0,1193.0,256.7
Bosnia and Herzegovina,2017,107.9,204.2,2097.0,1234.0,271.4
Bosnia and Herzegovina,2018,111.7,209.8,2158.0,1269.0,280.3
Bosnia and Herzegovina,2019,100.3,187.5,2069.0,1168.0,240.8
Botswana,2010,227.3,42.59,241.1,142.3,2.21
Botswana,2011,225.8,42.55,246.0,143.5,2.21
Botswana,2012,214.8,42.12,252.5,143.3,2.14
Botswana,2013,213.2,42.39,258.0,144.4,2.16
Botswana,2014,214.4,42.5,260.2,145.2,2.21
Botswana,2015,218.7,43.3,265.8,147.5,2.28
Botswana,2016,217.4,43.52,268.3,148.3,2.3
Botswana,2017,229.3,45.97,280.6,155.7,2.47
Botswana,2018,232.1,47.0,289.9,159.3,2.54
Botswana,2019,223.7,46.89,288.8,158.1,2.62
Brazil,2010,9341.0,5309.0,26617.0,12770.0,1571.0
Brazil,2011,10194.0,5690.0,27678.0,13060.0,1640.0
Brazil,2012,9997.0,5252.0,26968.0,12472.0,1618.0
Brazil,2013,10396.0,5165.0,26667.0,11869.0,1551.0
Brazil,2014,10774.0,5084.0,26842.0,11813.0,1623.0
Brazil,2015,10672.0,4968.0,26607.0,11202.0,1509.0
Brazil,2016,11547.0,5110.0,27699.0,11453.0,1546.0
Brazil,2017,13277.0,6296.0,29865.0,12935.0,2011.0
Brazil,2018,10557.0,4985.0,26795.0,10794.0,1506.0
Brazil,2019,10819.0,5004.0,26923.0,10842.0,1505.0
Brunei Darussalam,2010,3.26,3.77,32.49,9.45,1.91
Brunei Darussalam,2011,3.97,3.53,29.38,8.48,2.09
Brunei Darussalam,2012,4.08,3.25,28.39,7.98,1.95
Brunei Darussalam,2013,6.09,3.36,31.38,8.97,2.28
Brunei Darussalam,2014,7.38,3.32,30.91,9.17,2.34
Brunei Darussalam,2015,8.26,2.78,30.76,10.24,2.3
Brunei Darussalam,2016,8.41,2.63,31.43,11.84,2.21
Brunei Darussalam,2017,6.15,2.45,33.56,12.46,1.74
Brunei Darussalam,2018,4.79,2.58,34.81,12.76,1.51
Brunei Darussalam,2019,4.42,3.09,36.59,14.08,1.68
Bulgaria,2010,349.3,594.3,8432.0,3376.0,369.8
Bulgaria,2011,333.3,604.0,8511.0,3200.0,380.1
Bulgaria,2012,335.8,525.9,7510.0,3258.0,370.5
Bulgaria,2013,278.2,516.2,7503.0,3053.0,358.8
Bulgaria,2014,315.2,536.9,7708.0,3202.0,345.4
Bulgaria,2015,268.3,534.1,7706.0,3075.0,333.4
Bulgaria,2016,266.5,504.2,7656.0,2751.0,312.1
Bulgaria,2017,293.5,522.5,8116.0,2928.0,323.3
Bulgaria,2018,272.5,520.0,7762.0,2963.0,322.3
Bulgaria,2019,241.4,494.1,7285.0,2581.0,263.2
Burkina Faso,2010,3952.0,189.5,1700.0,928.0,23.52
Burkina Faso,2011,4130.0,193.8,1731.0,940.0,24.48
Burkina Faso,2012,3772.0,203.8,1799.0,981.2,26.36
Burkina Faso,2013,4576.0,202.4,1793.0,975.6,26.77
Burkina Faso,2014,4423.0,207.1,1819.0,993.2,29.25
Burkina Faso,2015,4772.0,217.1,1903.0,1040.0,32.74
Burkina Faso,2016,4803.0,220.4,1930.0,1050.0,34.65
Burkina Faso,2017,4824.0,223.6,1954.0,1058.0,36.52
Burkina Faso,2018,4378.0,225.9,1987.0,1068.0,37.81
Burkina Faso,2019,4710.0,226.5,2007.0,1072.0,38.45
Burundi,2010,2198.0,179.5,685.4,532.2,6.48
Burundi,2011,2111.0,182.8,702.7,540.6,6.71
Burundi,2012,1882.0,187.7,721.1,552.6,7.09
Burundi,2013,1855.0,189.9,730.3,558.8,7.31
Burundi,2014,1831.0,190.7,732.2,562.0,7.55
Burundi,2015,1800.0,192.7,740.1,569.0,7.78
Burundi,2016,1794.0,197.9,763.4,583.4,8.01
Burundi,2017,1771.0,200.6,780.8,592.1,8.14
Burundi,2018,1778.0,208.3,808.0,612.2,8.63
Burundi,2019,1773.0,213.7,829.2,627.7,8.99
Cabo Verde,2010,43.88,7.0,66.94,28.32,3.19
Cabo Verde,2011,46.86,7.73,72.81,31.0,3.6
Cabo Verde,2012,48.44,7.76,76.33,32.21,3.8
Cabo Verde,2013,47.31,7.64,76.45,31.95,3.72
Cabo Verde,2014,47.0,7.64,78.13,32.23,3.73
Cabo Verde,2015,50.18,8.24,84.28,34.84,4.18
Cabo Verde,2016,51.3,8.54,90.04,36.5,4.34
Cabo Verde,2017,52.87,8.85,93.44,37.8,4.72
Cabo Verde,2018,59.63,10.34,108.2,43.67,5.59
Cabo Verde,2019,58.91,10.2,107.9,43.29,5.77
Cambodia,2010,1632.0,297.5,1516.0,1260.0,95.77
Cambodia,2011,1517.0,293.3,1537.0,1248.0,92.3
Cambodia,2012,1578.0,314.7,1624.0,1324.0,101.2
Cambodia,2013,1632.0,335.7,1705.0,1398.0,110.8
Cambodia,2014,1484.0,316.3,1685.0,1339.0,102.8
Cambodia,2015,1464.0,329.4,1749.0,1390.0,109.9
Cambodia,2016,1581.0,366.5,1880.0,1516.0,125.8
Cambodia,2017,1458.0,347.3,1872.0,1458.0,115.9
Cambodia,2018,1497.0,364.1,1962.0,1522.0,123.9
Cambodia,2019,1556.0,384.6,2062.0,1601.0,134.4
Cameroon,2010,8437.0,542.1,2582.0,2083.0,45.54
Cameroon,2011,8188.0,556.9,2659.0,2134.0,48.14
Cameroon,2012,7556.0,566.5,2724.0,2167.0,50.79
Cameroon,2013,7307.0,558.2,2719.0,2155.0,50.8
Cameroon,2014,7218.0,555.3,2720.0,2143.0,52.72
Cameroon,2015,7278.0,565.5,2803.0,2181.0,57.43
Cameroon,2016,7259.0,568.9,2825.0,2182.0,58.9
Cameroon,2017,7134.0,569.1,2856.0,2186.0,60.53
Cameroon,2018,6888.0,565.2,2892.0,2188.0,61.67
Cameroon,2019,6701.0,562.2,2930.0,2202.0,62.35
Canada,2010,406.7,700.3,5567.0,949.1,568.8
Canada,2011,467.0,736.3,5429.0,935.4,581.1
Canada,2012,448.8,716.3,5405.0,908.2,572.9
Canada,2013,489.6,726.9,5256.0,885.3,532.5
Canada,2014,481.3,707.1,5229.0,882.6,536.0
Canada,2015,540.5,726.0,5172.0,879.3,510.4
Canada,2016,356.0,591.0,4489.0,735.6,393.2
Canada,2017,493.8,717.7,5054.0,849.6,478.4
Canada,2018,502.1,745.4,5149.0,871.6,513.5
Canada,2019,421.8,641.9,4663.0,760.9,415.5
Central African Republic,2010,1349.0,154.3,615.1,466.6,5.26
Central African Republic,2011,1327.0,156.2,622.1,471.6,5.44
Central African Republic,2012,1293.0,152.3,615.6,461.8,5.34
Central African Republic,2013,1258.0,147.4,609.3,452.4,5.1
Central African Republic,2014,1273.0,147.0,607.9,452.0,5.11
Central African Republic,2015,1287.0,146.3,614.1,456.5,5.2
Central African Republic,2016,1244.0,145.9,610.8,452.7,5.21
Central African Republic,2017,1211.0,143.5,612.8,449.9,5.08
Central African Republic,2018,1178.0,143.5,606.2,446.4,5.17
Central African Republic,2019,1073.0,140.4,601.1,438.9,5.07
Chad,2010,6465.0,249.0,1157.0,875.0,12.17
Chad,2011,6313.0,259.5,1205.0,909.0,12.8
Chad,2012,6620.0,268.7,1252.0,942.2,13.49
Chad,2013,6902.0,264.5,1257.0,935.7,13.33
Chad,2014,6802.0,267.5,1269.0,944.8,13.87
Chad,2015,7278.0,277.8,1322.0,980.1,15.17
Chad,2016,7074.0,283.5,1354.0,998.4,15.66
Chad,2017,7245.0,291.9,1399.0,1029.0,16.14
Chad,2018,6880.0,291.6,1416.0,1028.0,16.27
Chad,2019,6684.0,288.4,1414.0,1015.0,16.33
Chile,2010,856.2,570.5,2282.0,1360.0,275.5
Chile,2011,674.3,499.4,2080.0,1336.0,288.9
Chile,2012,831.6,536.5,2208.0,1349.0,290.3
Chile,2013,993.0,529.3,2283.0,1438.0,331.1
Chile,2014,954.0,499.7,2241.0,1390.0,326.3
Chile,2015,773.7,548.2,2340.0,1398.0,343.7
Chile,2016,759.0,524.2,2302.0,1387.0,346.5
Chile,2017,789.4,553.1,2314.0,1338.0,342.7
Chile,2018,942.9,542.4,2273.0,1278.0,329.3
Chile,2019,762.9,561.8,2240.0,1281.0,323.1
China,2010,58981.0,235330.0,363580.0,366014.0,101186.0
China,2011,61835.0,244879.0,394500.0,385839.0,111518.0
China,2012,61970.0,242987.0,408771.0,388602.0,116325.0
China,2013,66595.0,261394.0,444001.0,418783.0,135658.0
China,2014,60716.0,234146.0,434311.0,391553.0,124582.0
China,2015,56809.0,218717.0,429629.0,377979.0,121610.0
China,2016,56025.0,213442.0,437356.0,376227.0,118508.0
China,2017,56283.0,212828.0,449184.0,380056.0,121349.0
China,2018,52982.0,198783.0,441054.0,362911.0,113002.0
China,2019,51997.0,195840.0,442523.0,361247.0,112147.0
Colombia,2010,1227.0,1421.0,6217.0,1625.0,324.4
Colombia,2011,1178.0,1435.0,6338.0,1644.0,333.6
Colombia,2012,1205.0,1383.0,6536.0,1617.0,326.5
Colombia,2013,1344.0,1521.0,6846.0,1721.0,354.2
Colombia,2014,1276.0,1570.0,7090.0,1700.0,360.2
Colombia,2015,1550.0,1671.0,7534.0,1821.0,374.8
Colombia,2016,1598.0,1650.0,7663.0,1762.0,366.3
Colombia,2017,1545.0,1699.0,7798.0,1744.0,354.4
Colombia,2018,1538.0,1659.0,7733.0,1731.0,340.6
Colombia,2019,1554.0,1662.0,7828.0,1729.0,334.8
Comoros,2010,87.84,7.04,48.22,29.75,0.044
Comoros,2011,86.9,7.29,50.02,30.64,0.047
Comoros,2012,86.89,7.55,51.99,31.69,0.051
Comoros,2013,85.52,7.6,52.96,32.04,0.052
Comoros,2014,89.28,7.89,55.46,33.46,0.059
Comoros,2015,89.8,8.07,56.76,34.34,0.062
Comoros,2016,87.88,8.1,58.12,34.63,0.062
Comoros,2017,89.1,8.33,60.01,35.53,0.064
Comoros,2018,88.74,8.54,61.92,36.46,0.065
Comoros,2019,86.67,8.68,63.58,37.19,0.067
Congo,2010,644.3,77.22,461.4,295.7,3.95
Congo,2011,632.7,78.87,472.2,299.8,4.16
Congo,2012,630.0,80.59,490.0,309.2,4.31
Congo,2013,578.4,80.42,489.5,307.0,4.5
Congo,2014,560.0,77.71,485.8,300.9,4.66
Congo,2015,480.9,76.26,476.1,293.2,4.85
Congo,2016,532.4,79.22,497.3,304.0,5.21
Congo,2017,508.5,78.63,501.5,301.9,5.27
Congo,2018,530.5,80.54,513.3,306.5,5.98
Congo,2019,540.8,82.25,526.5,311.9,6.05
Costa Rica,2010,94.44,118.9,573.8,153.8,23.83
Costa Rica,2011,85.03,107.3,564.8,160.7,25.53
Costa Rica,2012,92.01,111.1,590.6,163.9,24.84
Costa Rica,2013,110.1,113.5,608.7,170.2,25.82
Costa Rica,2014,113.9,115.6,658.7,173.1,24.14
Costa Rica,2015,133.9,110.7,616.3,161.1,25.79
Costa Rica,2016,157.6,126.7,629.6,159.2,25.64
Costa Rica,2017,151.1,117.4,613.2,177.4,24.53
Costa Rica,2018,140.9,114.3,579.2,163.5,23.21
Costa Rica,2019,127.4,115.2,497.3,178.5,23.19
Cote d'Ivoire,2010,6450.0,448.3,2731.0,1690.0,33.29
Cote d'Ivoire,2011,6612.0,461.9,2776.0,1710.0,35.34
Cote d'Ivoire,2012,6889.0,474.1,2823.0,1745.0,37.01
Cote d'Ivoire,2013,6910.0,464.6,2782.0,1716.0,37.38
Cote d'Ivoire,2014,6835.0,456.8,2719.0,1678.0,38.37
Cote d'Ivoire,2015,6411.0,473.2,2758.0,1719.0,42.18
Cote d'Ivoire,2016,6280.0,468.7,2747.0,1700.0,41.96
Cote d'Ivoire,2017,6194.0,467.1,2744.0,1689.0,42.61
Cote d'Ivoire,2018,6127.0,468.5,2765.0,1690.0,44.28
Cote d'Ivoire,2019,6112.0,463.0,2776.0,1680.0,43.97
Croatia,2010,73.34,247.0,3084.0,1032.0,266.1
Croatia,2011,72.77,266.8,3046.0,1047.0,285.8
Croatia,2012,67.15,251.7,2986.0,960.2,255.5
Croatia,2013,63.88,244.9,2693.0,927.2,244.8
Croatia,2014,76.72,248.4,2689.0,936.4,248.6
Croatia,2015,114.8,271.0,2828.0,952.0,242.7
Croatia,2016,108.7,232.8,2516.0,824.1,234.6
Croatia,2017,195.5,267.1,2767.0,776.7,252.9
Croatia,2018,170.3,274.4,2600.0,820.2,248.8
Croatia,2019,158.9,236.8,2330.0,699.6,199.6
Cuba,2010,679.9,391.3,3401.0,960.9,302.7
Cuba,2011,681.7,385.2,3069.0,826.0,281.3
Cuba,2012,732.8,393.6,3188.0,900.8,312.5
Cuba,2013,761.4,428.5,3196.0,893.9,306.8
Cuba,2014,827.9,451.6,3366.0,949.3,334.0
Cuba,2015,956.1,496.0,3564.0,973.8,350.5
Cuba,2016,952.7,486.4,3454.0,1003.0,359.5
Cuba,2017,1191.0,538.5,3824.0,1077.0,380.2
Cuba,2018,1151.0,542.9,3813.0,1069.0,372.6
Cuba,2019,1142.0,530.4,3782.0,1044.0,352.1
Cyprus,2010,19.23,38.6,271.6,70.38,20.5
Cyprus,2011,18.57,36.57,279.7,68.16,24.72
Cyprus,2012,15.98,39.7,255.7,63.93,23.39
Cyprus,2013,15.33,38.82,232.4,59.27,20.79
Cyprus,2014,13.81,36.83,231.2,54.3,20.38
Cyprus,2015,14.23,40.13,225.6,51.66,19.22
Cyprus,2016,13.68,38.34,221.0,52.05,20.19
Cyprus,2017,16.53,39.17,218.2,51.04,22.27
Cyprus,2018,14.17,37.5,206.7,52.46,21.41
Cyprus,2019,14.74,38.86,210.8,50.73,21.49
Czechia,2010,688.8,407.3,7322.0,1615.0,530.6
Czechia,2011,517.5,471.5,7618.0,1536.0,542.0
Czechia,2012,508.4,438.2,7475.0,1441.0,493.9
Czechia,2013,494.0,521.8,7076.0,1364.0,460.3
Czechia,2014,460.9,458.7,6596.0,1241.0,450.5
Czechia,2015,545.4,532.0,6767.0,1225.0,433.7
Czechia,2016,542.6,469.6,6237.0,1115.0,418.9
Czechia,2017,665.1,522.6,6586.0,1097.0,438.0
Czechia,2018,731.9,534.1,6582.0,1048.0,435.8
Czechia,2019,613.2,450.8,5908.0,867.5,359.7
Democratic People's Republic of Korea,2010,1862.0,5426.0,6703.0,8515.0,1839.0
Democratic People's Republic of Korea,2011,1988.0,5916.0,7246.0,9216.0,2026.0
Democratic People's Republic of Korea,2012,1999.0,6121.0,7498.0,9480.0,2121.0
Democratic People's Republic of Korea,2013,2196.0,6879.0,8165.0,10518.0,2479.0
Democratic People's Republic of Korea,2014,2096.0,6533.0,8135.0,10254.0,2325.0
Democratic People's Republic of Korea,2015,2076.0,6395.0,8313.0,10312.0,2276.0
Democratic People's Republic of Korea,2016,2006.0,6180.0,8266.0,10041.0,2168.0
Democratic People's Republic of Korea,2017,1954.0,6131.0,8220.0,9856.0,2195.0
Democratic People's Republic of Korea,2018,1863.0,5620.0,7876.0,9108.0,2021.0
Democratic People's Republic of Korea,2019,1846.0,5551.0,8003.0,9112.0,1988.0
Democratic Republic of the Congo,2010,19051.0,1837.0,6121.0,4403.0,90.75
Democratic Republic of the Congo,2011,19065.0,1873.0,6226.0,4468.0,95.31
Democratic Republic of the Congo,2012,19652.0,1914.0,6331.0,4543.0,102.5
Democratic Republic of the Congo,2013,19342.0,1920.0,6336.0,4552.0,107.5
Democratic Republic of the Congo,2014,18823.0,1901.0,6379.0,4566.0,110.9
Democratic Republic of the Congo,2015,18148.0,1913.0,6462.0,4621.0,117.3
Democratic Republic of the Congo,2016,17074.0,1974.0,6670.0,4750.0,124.9
Democratic Republic of the Congo,2017,18140.0,1979.0,6799.0,4770.0,126.4
Democratic Republic of the Congo,2018,18126.0,2079.0,7202.0,5012.0,134.1
Democratic Republic of the Congo,2019,16278.0,2151.0,7479.0,5171.0,140.3
Denmark,2010,284.4,376.1,1289.0,433.7,221.1
Denmark,2011,294.2,401.4,1190.0,411.1,229.4
Denmark,2012,251.2,363.5,1102.0,368.0,205.5
Denmark,2013,262.7,363.8,1039.0,359.3,193.4
Denmark,2014,200.3,328.1,944.4,337.1,181.9
Denmark,2015,228.5,345.2,949.4,356.1,186.8
Denmark,2016,207.5,317.6,892.6,319.0,160.4
Denmark,2017,224.9,340.8,880.3,318.4,167.9
Denmark,2018,258.2,359.2,879.2,325.8,160.7
Denmark,2019,230.1,338.0,845.2,304.4,153.2
Djibouti,2010,117.7,12.15,95.41,63.56,1.22
Djibouti,2011,119.4,12.7,100.7,66.54,1.29
Djibouti,2012,118.4,13.25,105.7,69.65,1.36
Djibouti,2013,116.4,13.52,110.2,71.83,1.38
Djibouti,2014,115.3,13.62,113.6,73.04,1.37
Djibouti,2015,114.3,13.96,117.9,75.2,1.47
Djibouti,2016,119.2,14.54,124.0,78.24,1.53
Djibouti,2017,123.7,15.34,131.2,82.26,1.64
Djibouti,2018,122.5,15.57,135.3,83.66,1.71
Djibouti,2019,122.6,15.78,139.0,84.89,1.77
Dominican Republic,2010,144.2,49.45,1198.0,328.1,22.15
Dominican Republic,2011,135.5,47.94,1223.0,323.2,20.31
Dominican Republic,2012,156.4,57.18,1425.0,380.5,24.23
Dominican Republic,2013,155.9,59.08,1521.0,400.9,24.61
Dominican Republic,2014,179.0,70.24,1783.0,478.1,29.39
Dominican Republic,2015,190.9,76.71,1947.0,523.1,32.2
Dominican Republic,2016,198.4,81.74,2070.0,554.9,34.85
Dominican Republic,2017,201.2,86.38,2130.0,573.2,37.94
Dominican Republic,2018,185.1,82.63,2067.0,545.5,36.54
Dominican Republic,2019,165.6,76.45,1958.0,506.6,34.13
Ecuador,2010,855.2,266.6,1572.0,554.7,74.96
Ecuador,2011,840.3,270.0,1588.0,547.4,74.96
Ecuador,2012,878.9,288.1,1677.0,578.1,79.79
Ecuador,2013,868.3,291.8,1674.0,586.7,80.79
Ecuador,2014,871.3,299.8,1685.0,597.1,81.37
Ecuador,2015,851.3,301.8,1735.0,604.2,78.89
Ecuador,2016,844.5,304.5,1820.0,619.3,78.73
Ecuador,2017,824.5,298.3,1857.0,610.4,74.7
Ecuador,2018,840.3,305.5,1888.0,621.6,78.61
Ecuador,2019,846.5,306.2,1908.0,626.8,81.21
Egypt,2010,7596.0,2777.0,39957.0,7422.0,959.4
Egypt,2011,7520.0,2777.0,39755.0,7353.0,959.4
Egypt,2012,7853.0,3026.0,43238.0,8051.0,1032.0
Egypt,2013,7652.0,2920.0,41730.0,7871.0,1021.0
Egypt,2014,7428.0,3062.0,43578.0,8212.0,1073.0
Egypt,2015,7596.0,3341.0,48071.0,8878.0,1168.0
Egypt,2016,7538.0,3288.0,46882.0,8584.0,1164.0
Egypt,2017,7338.0,3249.0,46135.0,8386.0,1158.0
Egypt,2018,7377.0,3374.0,47733.0,8603.0,1212.0
Egypt,2019,7421.0,3476.0,48943.0,8797.0,1254.0
El Salvador,2010,476.7,208.3,1061.0,189.2,31.1
El Salvador,2011,421.8,202.4,1151.0,179.8,36.12
El Salvador,2012,393.9,170.9,1010.0,213.3,38.39
El Salvador,2013,477.3,201.4,1021.0,214.9,41.71
El Salvador,2014,578.7,181.6,1028.0,229.4,36.57
El Salvador,2015,541.4,280.2,1572.0,210.1,26.54
El Salvador,2016,506.7,218.1,1198.0,215.8,32.86
El Salvador,2017,513.8,222.2,1240.0,220.0,31.51
El Salvador,2018,505.1,220.1,1246.0,217.9,29.95
El Salvador,2019,496.6,217.0,1248.0,215.7,28.67
Equatorial Guinea,2010,174.1,15.12,69.63,48.73,1.88
Equatorial Guinea,2011,174.8,16.15,74.25,51.33,2.06
Equatorial Guinea,2012,173.5,16.52,74.16,51.56,2.2
Equatorial Guinea,2013,171.6,15.78,70.76,49.15,2.22
Equatorial Guinea,2014,178.1,15.89,73.45,50.97,2.23
Equatorial Guinea,2015,191.3,17.39,81.91,57.61,2.55
Equatorial Guinea,2016,185.9,17.76,85.13,58.74,2.65
Equatorial Guinea,2017,198.4,17.23,83.12,56.21,2.78
Equatorial Guinea,2018,193.8,17.78,87.5,58.24,2.77
Equatorial Guinea,2019,184.4,17.35,86.88,57.66,2.81
Eritrea,2010,748.6,88.77,386.0,314.0,4.99
Eritrea,2011,751.6,90.92,395.5,320.5,5.11
Eritrea,2012,720.2,91.81,403.0,324.4,5.22
Eritrea,2013,729.9,91.17,407.0,323.8,5.25
Eritrea,2014,689.1,89.38,407.6,320.0,5.18
Eritrea,2015,683.6,91.95,421.1,329.5,5.52
Eritrea,2016,661.6,92.79,428.7,332.4,5.64
Eritrea,2017,657.1,95.88,443.0,342.9,6.0
Eritrea,2018,658.4,94.91,449.3,342.7,6.02
Eritrea,2019,649.2,93.81,451.5,340.9,6.1
Estonia,2010,13.54,15.44,710.6,102.7,22.2
Estonia,2011,12.39,13.19,606.2,86.26,19.05
Estonia,2012,13.95,13.46,604.5,70.63,18.85
Estonia,2013,19.38,14.8,581.1,83.73,19.16
Estonia,2014,21.89,16.04,561.2,67.26,21.76
Estonia,2015,17.14,12.55,479.4,51.08,15.48
Estonia,2016,15.16,11.61,437.0,51.15,12.74
Estonia,2017,14.71,9.54,384.3,43.96,10.43
Estonia,2018,22.3,12.42,436.2,52.83,15.16
Estonia,2019,19.72,10.32,357.0,60.68,12.82
Eswatini,2010,215.8,33.25,162.0,106.2,1.03
Eswatini,2011,201.2,32.0,157.3,101.7,1.02
Eswatini,2012,200.9,32.15,159.5,102.0,1.04
Eswatini,2013,193.8,31.72,157.3,99.84,1.06
Eswatini,2014,172.8,30.64,149.8,94.8,1.08
Eswatini,2015,153.7,29.3,142.9,89.64,1.06
Eswatini,2016,145.4,29.01,141.7,88.04,1.06
Eswatini,2017,141.4,29.06,140.5,87.19,1.09
Eswatini,2018,137.4,28.92,139.2,86.0,1.12
Eswatini,2019,142.3,29.41,143.1,88.17,1.15
Ethiopia,2010,15487.0,1494.0,6167.0,4480.0,147.8
Ethiopia,2011,15324.0,1508.0,6322.0,4538.0,153.1
Ethiopia,2012,14186.0,1492.0,6367.0,4513.0,155.5
Ethiopia,2013,13226.0,1495.0,6392.0,4530.0,162.2
Ethiopia,2014,12037.0,1507.0,6514.0,4587.0,167.9
Ethiopia,2015,11543.0,1550.0,6823.0,4778.0,177.6
Ethiopia,2016,12196.0,1579.0,6990.0,4868.0,186.0
Ethiopia,2017,12549.0,1613.0,7191.0,4973.0,195.7
Ethiopia,2018,12427.0,1653.0,7451.0,5109.0,206.4
Ethiopia,2019,11955.0,1670.0,7674.0,5201.0,213.7
Fiji,2010,14.66,6.37,159.2,28.89,0.94
Fiji,2011,14.21,6.19,158.9,28.74,0.92
Fiji,2012,14.38,6.28,162.8,29.6,0.95
Fiji,2013,14.39,6.33,163.2,29.78,0.97
Fiji,2014,14.77,6.52,168.5,30.86,1.01
Fiji,2015,14.92,6.56,170.1,31.32,1.05
Fiji,2016,15.29,6.87,174.3,32.47,1.1
Fiji,2017,15.71,7.14,177.8,33.43,1.15
Fiji,2018,16.09,7.43,182.6,34.59,1.21
Fiji,2019,15.72,7.38,182.7,34.48,1.21
Finland,2010,30.58,62.12,1575.0,261.9,54.92
Finland,2011,27.65,65.77,1498.0,268.3,51.69
Finland,2012,19.21,54.94,1343.0,243.6,42.45
Finland,2013,16.67,51.11,1240.0,232.1,41.68
Finland,2014,10.67,44.25,1096.0,205.0,33.56
Finland,2015,13.28,47.07,1091.0,202.6,35.67
Finland,2016,14.77,38.12,939.8,173.3,28.28
Finland,2017,13.27,39.06,913.3,161.0,27.99
Finland,2018,21.97,42.11,939.4,174.8,31.53
Finland,2019,17.41,41.97,926.5,168.9,30.01
France,2010,2097.0,1638.0,12584.0,4001.0,2141.0
France,2011,2162.0,1660.0,12160.0,4052.0,2216.0
France,2012,2465.0,1656.0,12178.0,3996.0,2092.0
France,2013,2312.0,1636.0,11597.0,3813.0,1987.0
France,2014,1857.0,1413.0,10723.0,3468.0,1840.0
France,2015,2513.0,1667.0,11323.0,3623.0,1926.0
France,2016,2126.0,1516.0,10734.0,3425.0,1735.0
France,2017,2266.0,1564.0,10837.0,3422.0,1774.0
France,2018,2317.0,1589.0,10787.0,3396.0,1773.0
France,2019,2203.0,1514.0,10370.0,3200.0,1631.0
Gabon,2010,205.4,30.12,196.6,117.8,6.79
Gabon,2011,203.7,30.89,202.4,120.0,7.02
Gabon,2012,187.3,29.35,188.4,111.2,7.27
Gabon,2013,190.6,28.67,186.2,108.9,7.27
Gabon,2014,207.4,30.53,206.1,119.5,7.31
Gabon,2015,208.6,31.08,210.1,122.0,7.84
Gabon,2016,193.0,31.86,214.2,123.7,8.3
Gabon,2017,192.2,31.31,212.1,120.9,8.51
Gabon,2018,204.6,31.79,215.3,122.1,8.9
Gabon,2019,194.9,31.23,211.9,119.4,9.19
Gambia,2010,380.7,32.85,198.0,112.4,3.86
Gambia,2011,381.6,35.01,211.8,119.8,3.67
Gambia,2012,381.5,36.81,221.5,125.3,3.89
Gambia,2013,371.1,36.47,223.1,124.9,3.89
Gambia,2014,378.8,37.52,228.9,128.3,4.35
Gambia,2015,383.2,38.72,235.8,132.2,4.48
Gambia,2016,376.7,38.72,236.2,131.6,4.71
Gambia,2017,387.9,40.36,243.4,135.9,5.18
Gambia,2018,384.0,40.79,247.4,137.1,5.22
Gambia,2019,381.0,41.26,251.9,138.7,5.31
Georgia,2010,149.3,175.7,3756.0,1841.0,105.9
Georgia,2011,178.6,198.9,3922.0,1977.0,125.4
Georgia,2012,185.7,192.4,3623.0,1827.0,126.1
Georgia,2013,190.0,181.0,3372.0,1698.0,117.7
Georgia,2014,198.5,175.6,3312.0,1676.0,114.4
Georgia,2015,214.1,175.2,3279.0,1682.0,117.7
Georgia,2016,207.3,179.5,3519.0,1747.0,119.0
Georgia,2017,185.2,164.0,3342.0,1616.0,107.4
Georgia,2018,175.7,159.0,3298.0,1566.0,105.6
Georgia,2019,163.7,152.5,3287.0,1517.0,100.9
Germany,2010,3180.0,4521.0,35509.0,7086.0,3062.0
Germany,2011,3191.0,4557.0,34233.0,6924.0,3201.0
Germany,2012,2814.0,4305.0,33371.0,6486.0,2872.0
Germany,2013,3072.0,4616.0,34287.0,6548.0,2850.0
Germany,2014,2377.0,4136.0,31589.0,5921.0,2680.0
Germany,2015,2978.0,4671.0,33180.0,6114.0,2736.0
Germany,2016,2560.0,4125.0,30401.0,5792.0,2531.0
Germany,2017,2861.0,4406.0,31159.0,5848.0,2523.0
Germany,2018,3211.0,4455.0,31200.0,5914.0,2500.0
Germany,2019,2377.0,3649.0,24496.0,4482.0,2207.0
Ghana,2010,5592.0,582.0,3003.0,2542.0,26.53
Ghana,2011,5704.0,615.6,3131.0,2626.0,29.01
Ghana,2012,5527.0,636.1,3238.0,2702.0,30.49
Ghana,2013,5315.0,636.2,3270.0,2710.0,30.74
Ghana,2014,5267.0,638.9,3284.0,2712.0,31.9
Ghana,2015,5544.0,681.2,3447.0,2858.0,36.29
Ghana,2016,5496.0,691.5,3527.0,2883.0,38.4
Ghana,2017,5358.0,693.3,3579.0,2877.0,40.08
Ghana,2018,5187.0,695.2,3633.0,2874.0,41.51
Ghana,2019,5041.0,689.5,3687.0,2868.0,42.17
Greece,2010,916.1,907.6,5657.0,2179.0,623.8
Greece,2011,992.5,883.4,5710.0,2234.0,644.1
Greece,2012,1092.0,827.7,5682.0,2238.0,600.2
Greece,2013,1017.0,702.5,4990.0,2056.0,600.5
Greece,2014,973.2,635.9,4427.0,1819.0,529.6
Greece,2015,1235.0,758.8,4651.0,1907.0,564.3
Greece,2016,1138.0,616.4,4184.0,1747.0,516.9
Greece,2017,1180.0,666.9,4594.0,1768.0,522.5
Greece,2018,1295.0,658.1,4257.0,1698.0,536.4
Greece,2019,1253.0,605.5,3971.0,1544.0,496.5
Grenada,2010,5.64,2.0,23.98,9.91,0.52
Grenada,2011,5.77,1.66,22.3,10.28,0.55
Grenada,2012,5.92,1.31,20.65,10.12,0.56
Grenada,2013,5.91,1.2,21.8,9.71,0.65
Grenada,2014,6.85,1.39,22.78,9.51,0.62
Grenada,2015,6.8,1.48,25.88,8.81,0.89
Grenada,2016,6.64,1.41,25.6,9.25,0.75
Grenada,2017,6.51,1.36,27.75,9.6,0.82
Grenada,2018,6.18,1.28,24.85,9.77,0.55
Grenada,2019,5.84,1.26,25.22,8.99,0.65
Guatemala,2010,2147.0,219.7,1655.0,560.4,36.44
Guatemala,2011,2172.0,236.5,1762.0,596.1,38.11
Guatemala,2012,2056.0,235.9,1807.0,601.8,36.41
Guatemala,2013,2105.0,254.8,1913.0,639.2,39.01
Guatemala,2014,1980.0,253.6,1945.0,634.2,37.2
Guatemala,2015,1980.0,270.8,2041.0,657.6,38.65
Guatemala,2016,1960.0,277.2,2070.0,656.8,39.19
Guatemala,2017,1912.0,277.0,2068.0,644.0,38.06
Guatemala,2018,1849.0,266.5,2055.0,629.7,36.57
Guatemala,2019,1820.0,262.4,2050.0,623.8,36.26
Guinea,2010,3405.0,227.2,1124.0,807.9,15.29
Guinea,2011,3440.0,235.8,1175.0,840.8,15.71
Guinea,2012,3603.0,247.7,1230.0,881.5,16.73
Guinea,2013,3637.0,244.2,1244.0,881.2,16.34
Guinea,2014,3838.0,250.7,1272.0,901.8,17.5
Guinea,2015,4019.0,258.1,1315.0,932.9,18.53
Guinea,2016,4032.0,262.9,1344.0,949.7,18.94
Guinea,2017,4022.0,263.2,1358.0,950.4,19.11
Guinea,2018,4005.0,263.3,1371.0,948.5,19.4
Guinea,2019,3515.0,264.6,1389.0,956.7,19.58
Guinea-Bissau,2010,505.3,32.79,199.4,126.2,1.95
Guinea-Bissau,2011,491.6,33.5,203.8,128.7,2.01
Guinea-Bissau,2012,487.3,34.21,206.3,130.4,2.11
Guinea-Bissau,2013,472.4,34.11,209.5,131.5,2.03
Guinea-Bissau,2014,470.7,34.26,208.7,131.6,2.32
Guinea-Bissau,2015,425.7,33.58,204.2,128.8,2.44
Guinea-Bissau,2016,417.1,34.27,210.3,131.5,2.46
Guinea-Bissau,2017,419.3,35.99,218.8,137.1,2.61
Guinea-Bissau,2018,396.0,36.16,221.1,137.1,2.62
Guinea-Bissau,2019,367.4,35.37,218.8,134.5,2.63
Guyana,2010,25.76,8.89,155.4,65.78,1.24
Guyana,2011,26.5,8.92,156.9,62.61,0.97
Guyana,2012,25.23,10.22,167.3,66.46,1.21
Guyana,2013,27.0,10.34,165.1,64.64,1.25
Guyana,2014,30.95,11.73,168.3,68.72,1.83
Guyana,2015,31.31,12.29,183.6,75.05,1.64
Guyana,2016,32.62,12.95,191.5,78.77,1.69
Guyana,2017,34.74,14.12,204.0,85.22,1.81
Guyana,2018,34.49,14.5,211.0,88.1,1.8
Guyana,2019,34.61,14.83,218.0,90.84,1.8
Haiti,2010,866.8,131.1,1518.0,725.7,13.91
Haiti,2011,720.3,133.6,1591.0,745.4,14.05
Haiti,2012,769.7,147.6,1700.0,807.1,15.86
Haiti,2013,729.9,146.1,1705.0,802.4,15.76
Haiti,2014,773.0,158.4,1810.0,862.0,17.62
Haiti,2015,777.4,164.3,1868.0,891.5,18.62
Haiti,2016,786.4,170.8,1928.0,920.2,19.73
Haiti,2017,803.2,179.3,2003.0,956.4,21.01
Haiti,2018,755.5,177.5,2024.0,952.0,20.71
Haiti,2019,698.4,169.7,1999.0,922.3,19.76
Honduras,2010,249.6,293.9,1104.0,521.4,23.32
Honduras,2011,269.1,341.9,1250.0,594.6,27.91
Honduras,2012,283.9,390.0,1469.0,676.5,28.28
Honduras,2013,302.4,427.0,1574.0,734.7,31.4
Honduras,2014,294.3,424.5,1601.0,739.4,30.96
Honduras,2015,301.4,438.0,1671.0,771.5,32.12
Honduras,2016,271.4,417.9,1597.0,729.7,32.92
Honduras,2017,263.8,412.6,1640.0,732.0,32.11
Honduras,2018,252.5,398.5,1627.0,714.9,31.92
Honduras,2019,245.6,392.0,1650.0,712.3,31.63
Hungary,2010,171.5,630.9,7790.0,1779.0,769.7
Hungary,2011,196.6,680.7,7734.0,1747.0,791.4
Hungary,2012,175.4,668.4,7616.0,1646.0,731.2
Hungary,2013,178.8,675.9,7232.0,1571.0,681.8
Hungary,2014,183.2,667.4,7205.0,1516.0,703.1
Hungary,2015,248.4,783.8,7365.0,1494.0,684.3
Hungary,2016,193.7,680.0,7165.0,1258.0,656.2
Hungary,2017,250.2,768.6,7618.0,1391.0,673.3
Hungary,2018,252.5,788.0,7624.0,1413.0,691.1
Hungary,2019,227.1,693.3,6872.0,1292.0,551.6
Iceland,2010,4.52,5.8,53.76,9.52,3.29
Iceland,2011,5.15,6.3,59.5,10.17,3.93
Iceland,2012,3.95,5.28,54.18,8.24,2.99
Iceland,2013,3.47,4.84,51.83,7.47,2.71
Iceland,2014,3.17,4.49,47.48,6.9,2.18
Iceland,2015,3.66,5.29,50.81,7.65,2.72
Iceland,2016,3.37,4.58,42.37,5.91,1.89
Iceland,2017,3.94,4.95,41.74,5.92,2.03
Iceland,2018,4.24,5.12,42.72,6.3,2.07
Iceland,2019,3.69,4.64,40.07,6.22,2.02
India,2010,160987.0,169834.0,318387.0,116309.0,12287.0
India,2011,155327.0,175438.0,334857.0,119208.0,12852.0
India,2012,153347.0,183485.0,351439.0,123082.0,13544.0
India,2013,153635.0,198013.0,367442.0,128647.0,14528.0
India,2014,144654.0,199904.0,367661.0,127332.0,14530.0
India,2015,137184.0,200288.0,373708.0,129297.0,15181.0
India,2016,131396.0,197658.0,378859.0,130078.0,15450.0
India,2017,127782.0,198223.0,383658.0,131102.0,15643.0
India,2018,132839.0,214088.0,405577.0,139612.0,17311.0
India,2019,126708.0,205557.0,404141.0,136976.0,16847.0
Indonesia,2010,10588.0,9104.0,40296.0,35368.0,1839.0
Indonesia,2011,9844.0,8934.0,40706.0,35038.0,1796.0
Indonesia,2012,10370.0,9383.0,43135.0,37754.0,1976.0
Indonesia,2013,10371.0,9602.0,44763.0,39649.0,2113.0
Indonesia,2014,9463.0,8924.0,44325.0,38643.0,1985.0
Indonesia,2015,9471.0,9204.0,45940.0,40239.0,2107.0
Indonesia,2016,10004.0,9977.0,48952.0,43212.0,2352.0
Indonesia,2017,9170.0,9458.0,48666.0,41651.0,2191.0
Indonesia,2018,9249.0,9719.0,50281.0,42769.0,2295.0
Indonesia,2019,9689.0,10268.0,52549.0,44861.0,2501.0
Iran (Islamic Republic of),2010,2619.0,1423.0,16570.0,4818.0,543.4
Iran (Islamic Republic of),2011,2666.0,1498.0,16691.0,4833.0,571.3
Iran (Islamic Republic of),2012,2683.0,1569.0,17014.0,4873.0,607.1
Iran (Islamic Republic of),2013,2706.0,1652.0,17635.0,4987.0,648.0
Iran (Islamic Republic of),2014,2692.0,1723.0,18303.0,5101.0,687.8
Iran (Islamic Republic of),2015,2740.0,1833.0,19363.0,5341.0,755.0
Iran (Islamic Republic of),2016,2751.0,1879.0,20134.0,5457.0,778.4
Iran (Islamic Republic of),2017,2832.0,1957.0,21033.0,5672.0,825.4
Iran (Islamic Republic of),2018,2913.0,2046.0,21767.0,5890.0,894.9
Iran (Islamic Republic of),2019,2877.0,2050.0,22139.0,5931.0,912.6
Iraq,2010,2071.0,221.6,7592.0,2980.0,212.8
Iraq,2011,2006.0,223.0,7664.0,3053.0,223.4
Iraq,2012,1939.0,224.4,7740.0,3125.0,241.1
Iraq,2013,1854.0,225.8,7786.0,3194.0,259.6
Iraq,2014,1550.0,221.1,7740.0,3167.0,262.7
Iraq,2015,1626.0,230.8,8055.0,3299.0,288.4
Iraq,2016,1581.0,237.2,8259.0,3357.0,297.2
Iraq,2017,1527.0,245.2,8489.0,3424.0,310.2
Iraq,2018,1660.0,258.3,8801.0,3536.0,332.0
Iraq,2019,1598.0,270.2,9209.0,3652.0,344.9
Ireland,2010,136.7,108.2,842.7,173.4,70.72
Ireland,2011,139.6,124.8,859.3,175.8,85.09
Ireland,2012,118.8,120.1,823.7,155.4,70.77
Ireland,2013,107.8,122.2,803.9,155.5,70.67
Ireland,2014,106.4,112.7,748.0,145.5,69.21
Ireland,2015,121.4,120.2,766.4,146.9,68.1
Ireland,2016,99.46,109.6,699.0,129.9,58.33
Ireland,2017,103.8,115.2,701.9,130.7,59.7
Ireland,2018,109.4,122.5,706.4,132.2,62.49
Ireland,2019,109.7,124.4,691.3,128.6,61.82
Israel,2010,193.7,193.0,1176.0,362.6,211.3
Israel,2011,206.9,205.7,1212.0,387.1,209.7
Israel,2012,217.0,201.3,1125.0,389.7,190.9
Israel,2013,208.4,196.5,1121.0,362.7,199.3
Israel,2014,214.9,196.2,1064.0,349.2,193.7
Israel,2015,267.2,210.8,1111.0,374.5,200.4
Israel,2016,252.4,184.1,1097.0,341.0,182.7
Israel,2017,245.3,202.5,1090.0,307.5,173.3
Israel,2018,288.5,206.0,1041.0,311.6,185.2
Israel,2019,286.8,207.9,1064.0,313.8,181.8
Italy,2010,1562.0,3609.0,20214.0,8180.0,3095.0
Italy,2011,1938.0,3649.0,21084.0,8483.0,3242.0
Italy,2012,1968.0,3560.0,20779.0,8104.0,2901.0
Italy,2013,1852.0,3304.0,19760.0,7561.0,2791.0
Italy,2014,1732.0,3106.0,18897.0,7109.0,2588.0
Italy,2015,2316.0,3533.0,20475.0,7844.0,2737.0
Italy,2016,1960.0,3385.0,18037.0,6907.0,2487.0
Italy,2017,2500.0,3722.0,18797.0,7380.0,2501.0
Italy,2018,2514.0,3707.0,18968.0,7283.0,2526.0
Italy,2019,2403.0,3450.0,17954.0,6705.0,2227.0
Jamaica,2010,49.09,46.19,261.1,215.2,28.14
Jamaica,2011,49.91,49.02,281.7,228.6,29.05
Jamaica,2012,49.89,44.37,264.3,219.3,27.18
Jamaica,2013,49.73,42.74,268.5,221.2,26.58
Jamaica,2014,59.23,48.48,311.4,259.0,30.56
Jamaica,2015,59.63,50.23,318.9,267.1,32.39
Jamaica,2016,60.67,50.93,322.0,269.7,33.25
Jamaica,2017,62.0,51.48,326.2,272.6,34.45
Jamaica,2018,62.1,51.63,329.0,272.1,33.91
Jamaica,2019,60.08,49.77,325.6,266.1,32.31
Japan,2010,19005.0,5985.0,28181.0,14294.0,4745.0
Japan,2011,19752.0,6220.0,28848.0,14256.0,4679.0
Japan,2012,17938.0,5901.0,28127.0,13086.0,4193.0
Japan,2013,19379.0,6495.0,28877.0,13580.0,4714.0
Japan,2014,18875.0,6637.0,28907.0,13158.0,4758.0
Japan,2015,18568.0,6562.0,28259.0,12605.0,4581.0
Japan,2016,18050.0,6671.0,28372.0,12270.0,4488.0
Japan,2017,14327.0,6780.0,28713.0,12031.0,4260.0
Japan,2018,13037.0,6850.0,28294.0,11065.0,3856.0
Japan,2019,12476.0,6707.0,27347.0,11018.0,3817.0
Jordan,2010,171.7,49.15,705.7,279.3,78.18
Jordan,2011,175.9,49.25,726.9,287.5,84.01
Jordan,2012,182.8,50.87,760.6,302.5,89.73
Jordan,2013,184.0,50.93,781.3,311.7,93.6
Jordan,2014,185.2,52.43,815.3,326.1,96.97
Jordan,2015,191.8,55.69,858.4,347.9,105.0
Jordan,2016,194.2,58.61,909.1,366.3,107.3
Jordan,2017,202.1,63.29,978.9,392.2,112.6
Jordan,2018,211.0,68.46,1050.0,418.0,118.5
Jordan,2019,214.2,71.41,1098.0,432.8,121.7
Kazakhstan,2010,842.5,788.0,8819.0,3320.0,543.4
Kazakhstan,2011,927.6,943.7,9057.0,3554.0,600.3
Kazakhstan,2012,941.6,1045.0,8894.0,3593.0,604.3
Kazakhstan,2013,921.5,1023.0,8318.0,3425.0,551.6
Kazakhstan,2014,912.0,1053.0,7812.0,3318.0,515.1
Kazakhstan,2015,938.3,1130.0,7449.0,3308.0,510.7
Kazakhstan,2016,920.5,1250.0,7267.0,3398.0,513.9
Kazakhstan,2017,924.0,1421.0,6565.0,3398.0,489.2
Kazakhstan,2018,850.7,1282.0,6950.0,3306.0,478.8
Kazakhstan,2019,783.2,1186.0,6914.0,3157.0,449.7
Kenya,2010,2743.0,279.7,1334.0,1061.0,23.65
Kenya,2011,2532.0,291.8,1403.0,1096.0,24.78
Kenya,2012,2565.0,301.7,1463.0,1134.0,25.88
Kenya,2013,2613.0,311.4,1522.0,1176.0,26.8
Kenya,2014,2580.0,313.3,1538.0,1187.0,28.03
Kenya,2015,2577.0,314.8,1551.0,1194.0,29.34
Kenya,2016,2590.0,326.5,1618.0,1230.0,30.84
Kenya,2017,2687.0,345.7,1735.0,1302.0,32.34
Kenya,2018,2807.0,370.7,1880.0,1399.0,34.53
Kenya,2019,2840.0,385.2,1974.0,1457.0,36.48
Kiribati,2010,4.27,1.37,16.36,7.81,0.29
Kiribati,2011,4.36,1.41,17.05,8.06,0.29
Kiribati,2012,4.28,1.41,17.06,8.02,0.29
Kiribati,2013,4.16,1.44,17.6,8.2,0.3
Kiribati,2014,3.9,1.38,17.33,8.04,0.29
Kiribati,2015,3.84,1.38,17.57,8.13,0.3
Kiribati,2016,4.1,1.54,19.24,8.86,0.33
Kiribati,2017,4.01,1.58,19.62,9.03,0.35
Kiribati,2018,3.86,1.6,19.65,9.07,0.36
Kiribati,2019,3.88,1.65,20.47,9.38,0.37
Kuwait,2010,67.18,10.57,310.2,75.49,17.5
Kuwait,2011,75.08,10.63,302.0,69.68,17.57
Kuwait,2012,78.82,11.57,327.5,72.67,19.83
Kuwait,2013,90.32,12.68,365.3,77.15,21.28
Kuwait,2014,92.31,13.5,393.8,80.62,22.14
Kuwait,2015,98.13,15.23,453.7,90.56,25.83
Kuwait,2016,104.3,16.82,503.2,100.0,28.06
Kuwait,2017,112.4,18.87,562.5,111.7,31.35
Kuwait,2018,119.1,20.75,616.9,122.0,34.43
Kuwait,2019,124.8,22.5,667.4,131.5,36.96
Kyrgyzstan,2010,392.9,360.2,2785.0,915.5,99.8
Kyrgyzstan,2011,386.3,366.7,2979.0,950.6,114.4
Kyrgyzstan,2012,372.4,350.9,3070.0,931.0,117.1
Kyrgyzstan,2013,345.7,303.9,2855.0,847.0,114.0
Kyrgyzstan,2014,306.5,291.1,2880.0,829.9,115.6
Kyrgyzstan,2015,260.4,274.9,2829.0,797.3,111.9
Kyrgyzstan,2016,262.7,256.2,2653.0,732.5,107.4
Kyrgyzstan,2017,241.0,246.8,2585.0,711.0,103.9
Kyrgyzstan,2018,220.2,245.7,2468.0,696.5,101.5
Kyrgyzstan,2019,195.7,227.8,2285.0,652.0,93.72
Lao People's Democratic Republic,2010,781.2,197.2,851.4,630.4,67.83
Lao People's Democratic Republic,2011,684.7,184.8,839.6,602.0,61.92
Lao People's Democratic Republic,2012,693.6,196.2,876.9,633.8,68.1
Lao People's Democratic Republic,2013,685.2,203.4,910.2,658.4,72.87
Lao People's Democratic Republic,2014,576.6,190.8,896.1,631.9,68.35
Lao People's Democratic Republic,2015,569.5,195.5,921.4,651.3,72.62
Lao People's Democratic Republic,2016,611.8,217.9,991.5,713.8,83.79
Lao People's Democratic Republic,2017,542.9,202.4,982.4,679.5,75.19
Lao People's Democratic Republic,2018,537.1,209.6,1027.0,705.1,78.64
Lao People's Democratic Republic,2019,558.6,226.3,1089.0,755.2,87.93
Latvia,2010,54.63,39.98,1987.0,595.5,79.1
Latvia,2011,58.43,39.26,1858.0,525.4,70.88
Latvia,2012,55.13,36.19,1844.0,559.6,66.32
Latvia,2013,72.39,36.9,1776.0,574.8,70.58
Latvia,2014,57.71,35.35,1750.0,584.2,68.43
Latvia,2015,52.72,29.11,1616.0,561.0,55.35
Latvia,2016,55.9,31.52,1437.0,559.6,52.09
Latvia,2017,57.53,30.39,1334.0,550.1,51.17
Latvia,2018,73.91,33.66,1409.0,578.0,54.76
Latvia,2019,63.37,32.08,1397.0,565.1,51.45
Lebanon,2010,144.8,92.18,1978.0,177.2,105.0
Lebanon,2011,149.6,95.37,2078.0,183.9,108.7
Lebanon,2012,159.5,102.8,2228.0,197.3,119.4
Lebanon,2013,166.6,108.7,2370.0,208.2,127.6
Lebanon,2014,174.2,114.1,2495.0,218.0,135.0
Lebanon,2015,182.6,120.9,2628.0,229.8,144.6
Lebanon,2016,188.4,125.9,2740.0,239.7,149.3
Lebanon,2017,193.6,129.3,2835.0,246.2,151.2
Lebanon,2018,197.0,133.4,2875.0,252.6,158.2
Lebanon,2019,203.7,137.4,2953.0,258.9,162.8
Lesotho,2010,571.3,134.2,366.1,318.4,3.55
Lesotho,2011,578.4,134.0,376.4,322.8,3.52
Lesotho,2012,621.8,139.5,403.2,341.2,3.6
Lesotho,2013,665.5,146.4,432.6,361.7,3.76
Lesotho,2014,696.0,151.1,454.0,375.6,3.91
Lesotho,2015,679.9,149.0,455.0,372.6,3.92
Lesotho,2016,629.6,144.5,441.1,360.1,3.91
Lesotho,2017,599.5,140.8,426.0,348.2,4.04
Lesotho,2018,583.1,139.5,424.5,345.0,4.11
Lesotho,2019,559.6,136.5,419.3,338.7,4.14
Liberia,2010,850.0,49.8,386.5,222.1,6.76
Liberia,2011,917.9,53.12,414.6,237.2,7.15
Liberia,2012,1007.0,54.96,425.8,245.3,7.95
Liberia,2013,963.4,51.44,411.8,234.7,7.81
Liberia,2014,952.4,53.06,425.5,245.1,8.05
Liberia,2015,798.5,50.82,404.5,235.6,8.87
Liberia,2016,801.9,50.81,413.4,238.1,8.7
Liberia,2017,765.2,52.67,430.4,247.1,8.97
Liberia,2018,732.9,53.74,442.5,252.1,9.28
Liberia,2019,726.5,55.63,459.7,261.0,9.71
Libya,2010,177.6,80.52,1139.0,311.0,62.48
Libya,2011,158.6,78.48,1126.0,302.8,58.33
Libya,2012,171.5,80.52,1165.0,310.9,58.61
Libya,2013,171.8,84.69,1198.0,323.5,63.44
Libya,2014,167.2,87.76,1270.0,338.1,63.23
Libya,2015,166.2,87.48,1286.0,339.8,63.18
Libya,2016,165.3,93.12,1356.0,359.9,67.05
Libya,2017,175.4,95.72,1430.0,373.0,66.21
Libya,2018,188.1,104.5,1530.0,402.2,72.76
Libya,2019,179.3,103.5,1515.0,396.5,74.75
Lithuania,2010,59.5,82.79,2860.0,603.5,83.06
Lithuania,2011,58.63,74.07,2724.0,570.4,81.38
Lithuania,2012,52.41,68.57,2702.0,553.4,75.58
Lithuania,2013,82.02,71.38,2717.0,592.4,76.44
Lithuania,2014,66.35,59.28,2673.0,563.8,80.45
Lithuania,2015,69.84,60.74,2686.0,538.1,70.14
Lithuania,2016,68.34,47.59,2569.0,502.2,59.41
Lithuania,2017,65.64,52.06,2464.0,477.1,53.88
Lithuania,2018,84.21,51.03,2525.0,523.8,61.02
Lithuania,2019,72.36,42.27,2508.0,494.4,60.09
Luxembourg,2010,13.63,21.05,111.8,34.56,12.44
Luxembourg,2011,12.71,21.04,110.8,32.46,12.79
Luxembourg,2012,11.64,19.7,107.5,27.81,11.21
Luxembourg,2013,10.4,18.08,100.9,24.87,11.58
Luxembourg,2014,10.42,16.77,95.24,22.26,10.39
Luxembourg,2015,10.79,17.17,96.8,21.11,11.28
Luxembourg,2016,10.23,17.47,95.81,20.23,9.83
Luxembourg,2017,10.18,18.3,102.1,20.62,10.14
Luxembourg,2018,11.11,18.31,102.1,21.14,10.49
Luxembourg,2019,10.44,17.3,100.0,20.11,9.55
Madagascar,2010,3033.0,372.0,1846.0,1595.0,7.84
Madagascar,2011,3063.0,384.3,1921.0,1655.0,8.14
Madagascar,2012,2910.0,384.0,1940.0,1661.0,8.25
Madagascar,2013,2740.0,398.1,2010.0,1731.0,8.74
Madagascar,2014,2790.0,401.7,2057.0,1772.0,8.88
Madagascar,2015,2736.0,406.2,2077.0,1800.0,9.29
Madagascar,2016,2776.0,421.9,2168.0,1872.0,9.76
Madagascar,2017,2702.0,420.3,2203.0,1875.0,9.77
Madagascar,2018,2682.0,437.7,2293.0,1947.0,10.39
Madagascar,2019,2344.0,447.2,2363.0,1999.0,10.73
Malawi,2010,1890.0,166.7,1026.0,756.6,7.92
Malawi,2011,1821.0,164.7,991.8,732.2,8.22
Malawi,2012,1569.0,163.4,973.9,717.5,8.44
Malawi,2013,1513.0,160.4,948.7,698.8,8.49
Malawi,2014,1479.0,160.1,947.4,698.9,8.66
Malawi,2015,1437.0,161.2,950.2,703.9,8.88
Malawi,2016,1412.0,163.6,961.1,710.3,9.09
Malawi,2017,1366.0,162.4,948.3,697.5,9.54
Malawi,2018,1344.0,162.0,942.0,691.6,10.24
Malawi,2019,1319.0,162.4,948.3,694.0,10.67
Malaysia,2010,3062.0,673.1,5637.0,2052.0,327.7
Malaysia,2011,3203.0,645.9,5590.0,2031.0,315.1
Malaysia,2012,3636.0,667.8,5795.0,2160.0,341.7
Malaysia,2013,3815.0,661.8,5746.0,2185.0,353.9
Malaysia,2014,3813.0,651.8,5865.0,2194.0,336.2
Malaysia,2015,4031.0,700.3,6187.0,2322.0,357.1
Malaysia,2016,4444.0,796.1,6718.0,2563.0,394.7
Malaysia,2017,4249.0,788.8,6839.0,2537.0,367.6
Malaysia,2018,4361.0,839.3,7175.0,2651.0,383.4
Malaysia,2019,4721.0,945.6,7805.0,2898.0,422.6
Maldives,2010,4.46,8.5,46.65,12.08,1.96
Maldives,2011,4.1,8.1,43.15,11.64,1.8
Maldives,2012,4.41,8.53,44.92,12.44,1.96
Maldives,2013,4.5,8.75,46.06,13.03,2.08
Maldives,2014,4.11,8.04,45.19,12.62,1.88
Maldives,2015,4.29,8.2,46.7,13.36,2.0
Maldives,2016,4.8,9.3,50.84,14.92,2.32
Maldives,2017,4.51,8.94,50.55,14.53,2.15
Maldives,2018,4.42,8.82,49.87,14.29,2.1
Maldives,2019,4.53,9.06,50.18,14.49,2.16
Mali,2010,4658.0,345.4,1245.0,891.7,30.24
Mali,2011,4213.0,349.4,1282.0,908.8,30.45
Mali,2012,4188.0,364.4,1334.0,948.7,31.86
Mali,2013,3964.0,353.6,1329.0,932.6,30.33
Mali,2014,4096.0,365.7,1360.0,959.7,32.3
Mali,2015,4256.0,375.3,1388.0,981.1,34.78
Mali,2016,4371.0,375.9,1403.0,983.4,36.15
Mali,2017,4379.0,377.6,1413.0,984.2,37.79
Mali,2018,4211.0,381.4,1436.0,993.7,38.46
Mali,2019,4055.0,379.7,1440.0,989.3,38.45
Malta,2010,24.79,13.0,170.7,39.96,12.91
Malta,2011,24.86,13.23,195.6,35.98,13.03
Malta,2012,26.24,12.13,192.2,33.44,11.01
Malta,2013,27.47,12.48,179.7,31.13,11.32
Malta,2014,26.75,12.41,157.7,30.64,11.21
Malta,2015,24.13,11.92,151.3,30.04,11.78
Malta,2016,25.54,11.62,149.5,27.8,11.33
Malta,2017,26.18,11.06,147.1,26.76,10.68
Malta,2018,29.29,12.82,158.5,30.27,12.2
Malta,2019,29.1,12.66,157.9,29.73,11.62
Mauritania,2010,707.9,40.38,284.0,166.6,6.65
Mauritania,2011,759.3,41.92,292.7,172.4,7.35
Mauritania,2012,845.3,45.43,316.3,185.4,7.85
Mauritania,2013,806.6,44.65,315.6,183.0,8.03
Mauritania,2014,739.6,46.35,328.6,189.1,8.05
Mauritania,2015,792.0,48.21,343.2,196.8,8.74
Mauritania,2016,777.0,49.92,356.4,202.2,8.75
Mauritania,2017,779.5,52.03,372.3,210.1,9.44
Mauritania,2018,763.0,53.9,390.5,217.9,9.56
Mauritania,2019,781.6,55.53,407.0,225.0,9.78
Mauritius,2010,29.54,25.52,253.2,73.68,6.33
Mauritius,2011,28.28,25.71,245.0,75.7,6.42
Mauritius,2012,27.84,28.79,260.3,69.48,6.91
Mauritius,2013,29.1,29.49,254.7,73.51,8.02
Mauritius,2014,33.58,31.87,276.9,70.71,7.8
Mauritius,2015,33.7,36.23,290.9,79.38,8.39
Mauritius,2016,28.69,39.35,284.1,94.02,7.74
Mauritius,2017,33.9,42.78,283.5,77.77,7.19
Mauritius,2018,39.45,46.92,310.6,88.45,6.93
Mauritius,2019,38.4,52.91,294.2,86.01,8.31
Mexico,2010,4252.0,3823.0,17353.0,4619.0,677.2
Mexico,2011,4233.0,3741.0,17647.0,4610.0,709.2
Mexico,2012,4112.0,3581.0,17940.0,4542.0,642.4
Mexico,2013,4449.0,3927.0,18944.0,4680.0,682.6
Mexico,2014,4856.0,3664.0,19620.0,4662.0,656.9
Mexico,2015,4519.0,3877.0,21096.0,4852.0,680.5
Mexico,2016,4935.0,4088.0,22588.0,4812.0,673.9
Mexico,2017,4854.0,3919.0,23248.0,4773.0,650.8
Mexico,2018,4498.0,3755.0,22920.0,4812.0,619.1
Mexico,2019,4378.0,3668.0,23289.0,4836.0,603.0
Micronesia (Federated States of),2010,3.27,1.76,17.01,5.4,0.44
Micronesia (Federated States of),2011,3.16,1.7,17.01,5.3,0.43
Micronesia (Federated States of),2012,3.27,1.77,17.93,5.55,0.45
Micronesia (Federated States of),2013,3.39,1.86,18.91,5.81,0.49
Micronesia (Federated States of),2014,3.22,1.78,18.71,5.67,0.47
Micronesia (Federated States of),2015,3.48,1.92,20.34,6.18,0.53
Micronesia (Federated States of),2016,3.56,2.03,21.42,6.48,0.56
Micronesia (Federated States of),2017,3.51,2.03,21.58,6.52,0.57
Micronesia (Federated States of),2018,3.59,2.09,22.32,6.73,0.59
Micronesia (Federated States of),2019,3.72,2.2,23.7,7.13,0.63
Mongolia,2010,172.3,61.53,1078.0,710.5,50.29
Mongolia,2011,180.2,66.49,1139.0,757.6,57.49
Mongolia,2012,175.2,66.09,1141.0,756.7,59.5
Mongolia,2013,162.6,62.78,1118.0,729.6,58.12
Mongolia,2014,150.8,60.14,1090.0,707.2,57.77
Mongolia,2015,143.2,60.92,1112.0,721.7,60.3
Mongolia,2016,137.6,64.65,1184.0,755.0,63.95
Mongolia,2017,131.7,65.5,1220.0,762.7,65.34
Mongolia,2018,125.9,66.73,1261.0,777.4,66.99
Mongolia,2019,119.1,67.64,1304.0,786.9,67.68
Montenegro,2010,16.06,12.4,349.5,299.2,36.74
Montenegro,2011,17.16,13.34,365.3,315.5,38.39
Montenegro,2012,17.43,13.69,369.1,320.4,37.71
Montenegro,2013,16.31,12.97,361.9,305.6,34.08
Montenegro,2014,16.67,13.21,369.2,311.0,34.43
Montenegro,2015,16.56,13.17,372.1,310.4,33.79
Montenegro,2016,16.48,13.22,376.8,308.4,32.98
Montenegro,2017,17.52,13.98,391.9,321.5,35.05
Montenegro,2018,17.69,13.98,391.1,322.4,35.8
Montenegro,2019,15.19,12.06,361.7,283.9,30.22
Morocco,2010,974.1,440.9,10167.0,2497.0,266.8
Morocco,2011,981.3,460.3,10518.0,2583.0,278.1
Morocco,2012,952.7,475.2,10826.0,2651.0,287.5
Morocco,2013,958.7,511.5,11546.0,2790.0,304.4
Morocco,2014,975.7,534.0,11908.0,2885.0,326.3
Morocco,2015,983.7,550.9,12231.0,2956.0,345.7
Morocco,2016,997.3,575.3,12692.0,3051.0,360.8
Morocco,2017,1031.0,611.7,13292.0,3195.0,386.0
Morocco,2018,1020.0,624.4,13660.0,3234.0,391.9
Morocco,2019,1016.0,639.0,14006.0,3281.0,402.6
Mozambique,2010,3831.0,312.8,1957.0,2292.0,11.93
Mozambique,2011,3766.0,318.0,2046.0,2358.0,12.37
Mozambique,2012,3816.0,327.8,2149.0,2460.0,13.01
Mozambique,2013,3649.0,331.0,2187.0,2494.0,13.66
Mozambique,2014,3505.0,324.9,2162.0,2455.0,14.17
Mozambique,2015,3427.0,319.7,2152.0,2441.0,14.44
Mozambique,2016,3413.0,319.6,2185.0,2443.0,14.75
Mozambique,2017,3447.0,322.1,2228.0,2463.0,15.15
Mozambique,2018,3544.0,333.5,2312.0,2548.0,16.07
Mozambique,2019,3575.0,335.0,2357.0,2577.0,16.34
Myanmar,2010,5296.0,4050.0,7035.0,9456.0,739.0
Myanmar,2011,4860.0,3924.0,7018.0,9235.0,693.7
Myanmar,2012,4855.0,4172.0,7266.0,9687.0,747.2
Myanmar,2013,4795.0,4262.0,7384.0,9895.0,785.4
Myanmar,2014,4405.0,4016.0,7210.0,9500.0,731.3
Myanmar,2015,4332.0,4075.0,7284.0,9668.0,766.0
Myanmar,2016,4606.0,4478.0,7697.0,10421.0,859.8
Myanmar,2017,4017.0,4160.0,7479.0,10035.0,807.1
Myanmar,2018,3972.0,4215.0,7677.0,10401.0,843.8
Myanmar,2019,3922.0,4392.0,7940.0,10768.0,907.6
Namibia,2010,198.0,45.95,203.5,131.0,2.38
Namibia,2011,192.6,45.23,199.2,127.9,2.41
Namibia,2012,188.8,44.16,195.2,125.2,2.48
Namibia,2013,189.4,43.06,195.1,123.2,2.49
Namibia,2014,196.7,43.48,201.4,126.2,2.6
Namibia,2015,195.7,43.44,207.2,127.9,2.69
Namibia,2016,188.7,42.89,205.1,126.3,2.79
Namibia,2017,191.0,43.42,210.4,127.8,2.9
Namibia,2018,178.7,41.71,203.5,122.9,2.97
Namibia,2019,176.9,41.11,203.9,122.3,3.04
Nepal,2010,2354.0,4184.0,3643.0,1753.0,397.4
Nepal,2011,2209.0,4450.0,3886.0,1853.0,415.5
Nepal,2012,2102.0,4730.0,4077.0,1948.0,441.3
Nepal,2013,2149.0,4962.0,4232.0,2035.0,470.2
Nepal,2014,2056.0,5001.0,4278.0,2055.0,473.9
Nepal,2015,1990.0,5038.0,4325.0,2078.0,489.2
Nepal,2016,1870.0,5049.0,4356.0,2079.0,494.8
Nepal,2017,1793.0,5075.0,4474.0,2104.0,498.1
Nepal,2018,1846.0,5499.0,4789.0,2264.0,558.2
Nepal,2019,1726.0,5323.0,4840.0,2230.0,543.0
Netherlands (Kingdom of the),2010,874.3,942.6,3742.0,1048.0,740.8
Netherlands (Kingdom of the),2011,898.6,1012.0,3685.0,1029.0,790.8
Netherlands (Kingdom of the),2012,907.5,993.4,3575.0,967.6,679.9
Netherlands (Kingdom of the),2013,579.3,921.3,3389.0,1048.0,648.2
Netherlands (Kingdom of the),2014,434.0,798.9,3230.0,999.9,612.1
Netherlands (Kingdom of the),2015,548.0,927.0,3327.0,1027.0,618.7
Netherlands (Kingdom of the),2016,481.5,839.0,3191.0,978.2,580.2
Netherlands (Kingdom of the),2017,562.9,873.4,3149.0,954.0,565.6
Netherlands (Kingdom of the),2018,634.0,824.4,2946.0,897.6,540.1
Netherlands (Kingdom of the),2019,569.9,819.7,2944.0,877.8,522.4
New Zealand,2010,55.2,117.7,887.2,200.4,64.99
New Zealand,2011,61.56,113.0,863.9,200.9,57.57
New Zealand,2012,62.45,96.02,784.0,179.2,46.68
New Zealand,2013,56.49,93.23,749.0,160.0,46.09
New Zealand,2014,55.21,92.88,717.4,164.4,42.84
New Zealand,2015,57.63,87.71,694.2,152.6,42.76
New Zealand,2016,54.45,84.26,648.8,144.0,41.35
New Zealand,2017,62.15,97.63,702.3,157.2,47.09
New Zealand,2018,66.37,101.9,698.1,158.2,50.09
New Zealand,2019,82.24,123.6,755.7,178.9,65.04
Nicaragua,2010,210.2,184.1,834.4,265.9,21.62
Nicaragua,2011,221.7,168.5,917.7,281.2,25.04
Nicaragua,2012,238.4,163.4,994.6,264.1,29.11
Nicaragua,2013,240.9,189.5,1063.0,288.4,25.82
Nicaragua,2014,198.2,175.1,1136.0,274.1,23.39
Nicaragua,2015,239.1,180.8,1140.0,266.6,25.4
Nicaragua,2016,232.1,186.0,1182.0,271.9,23.55
Nicaragua,2017,225.7,202.7,1102.0,257.2,21.21
Nicaragua,2018,163.5,165.6,1139.0,269.5,20.28
Nicaragua,2019,186.7,182.5,1126.0,254.5,20.09
Niger,2010,7714.0,351.6,1491.0,1129.0,5.13
Niger,2011,7488.0,369.2,1586.0,1188.0,5.39
Niger,2012,7426.0,390.3,1658.0,1244.0,5.67
Niger,2013,7325.0,399.4,1690.0,1266.0,5.78
Niger,2014,7342.0,417.9,1755.0,1317.0,6.15
Niger,2015,7101.0,440.1,1908.0,1410.0,6.87
Niger,2016,7143.0,452.9,1978.0,1449.0,7.21
Niger,2017,7190.0,467.3,2054.0,1495.0,7.56
Niger,2018,6868.0,473.5,2105.0,1519.0,7.7
Niger,2019,6625.0,483.2,2158.0,1552.0,7.83
Nigeria,2010,70748.0,2845.0,14140.0,10087.0,191.3
Nigeria,2011,71887.0,2942.0,14635.0,10314.0,205.0
Nigeria,2012,73179.0,2995.0,14947.0,10444.0,217.7
Nigeria,2013,69272.0,2957.0,14928.0,10428.0,220.8
Nigeria,2014,75026.0,2929.0,14892.0,10468.0,230.5
Nigeria,2015,72007.0,2938.0,15527.0,10781.0,246.2
Nigeria,2016,74419.0,3000.0,15902.0,11003.0,252.2
Nigeria,2017,74450.0,3043.0,16274.0,11179.0,257.9
Nigeria,2018,73847.0,3060.0,16560.0,11266.0,260.2
Nigeria,2019,69711.0,3051.0,16700.0,11271.0,263.8
North Macedonia,2010,37.91,111.0,941.1,888.9,149.0
North Macedonia,2011,53.54,127.1,1027.0,983.2,149.4
North Macedonia,2012,36.8,146.6,1114.0,905.2,145.1
North Macedonia,2013,25.87,123.1,1014.0,817.9,144.3
North Macedonia,2014,37.93,130.1,1030.0,867.7,136.8
North Macedonia,2015,37.21,128.6,1011.0,847.9,134.2
North Macedonia,2016,37.1,129.4,1015.0,846.4,129.8
North Macedonia,2017,38.36,135.6,1036.0,870.7,134.0
North Macedonia,2018,39.14,140.6,1048.0,887.1,137.6
North Macedonia,2019,35.09,127.7,991.8,811.8,119.0
Norway,2010,128.1,146.3,1002.0,233.6,67.17
Norway,2011,146.6,159.4,1018.0,252.6,74.69
Norway,2012,130.5,145.4,918.6,213.3,59.83
Norway,2013,115.3,138.8,846.9,187.7,58.09
Norway,2014,84.47,117.4,726.3,163.7,48.69
Norway,2015,107.5,128.9,738.7,162.4,51.92
Norway,2016,97.41,114.6,625.1,134.0,45.29
Norway,2017,97.33,117.4,638.2,138.4,45.42
Norway,2018,97.85,117.3,611.9,132.3,44.83
Norway,2019,97.58,117.3,587.3,126.5,44.25
Oman,2010,148.6,50.3,978.4,220.5,13.52
Oman,2011,149.0,50.42,970.5,217.6,13.29
Oman,2012,150.1,51.13,969.8,216.5,13.48
Oman,2013,160.3,53.84,1032.0,228.9,13.56
Oman,2014,166.0,55.14,1084.0,238.3,13.46
Oman,2015,179.8,59.32,1174.0,257.8,14.42
Oman,2016,190.8,63.16,1239.0,271.6,14.79
Oman,2017,198.7,65.64,1298.0,282.2,15.66
Oman,2018,191.9,62.94,1273.0,272.6,16.39
Oman,2019,188.1,61.16,1281.0,268.5,16.44
Pakistan,2010,35387.0,20000.0,53591.0,25091.0,1642.0
Pakistan,2011,34337.0,20164.0,54910.0,25440.0,1645.0
Pakistan,2012,34273.0,20696.0,56660.0,26171.0,1695.0
Pakistan,2013,31625.0,21424.0,58941.0,27098.0,1801.0
Pakistan,2014,31101.0,21059.0,59473.0,26952.0,1785.0
Pakistan,2015,30514.0,21013.0,60595.0,27264.0,1816.0
Pakistan,2016,29415.0,20855.0,61545.0,27356.0,1802.0
Pakistan,2017,28680.0,20721.0,62539.0,27519.0,1802.0
Pakistan,2018,28130.0,21749.0,65063.0,28816.0,1965.0
Pakistan,2019,27283.0,20427.0,64292.0,27753.0,1859.0
Panama,2010,138.4,69.4,454.7,147.2,16.3
Panama,2011,124.5,61.05,454.1,160.8,18.59
Panama,2012,119.9,68.21,437.6,160.9,17.04
Panama,2013,139.4,72.83,479.9,176.6,20.47
Panama,2014,136.8,73.32,446.1,186.6,18.96
Panama,2015,110.9,75.28,423.9,192.2,21.62
Panama,2016,96.37,79.48,432.4,197.4,17.04
Panama,2017,89.64,78.05,451.5,187.3,15.24
Panama,2018,89.85,75.16,445.9,190.8,16.34
Panama,2019,86.91,74.55,451.6,190.8,15.91
Papua New Guinea,2010,232.2,214.5,609.4,245.1,14.73
Papua New Guinea,2011,219.0,208.3,608.7,240.2,14.29
Papua New Guinea,2012,224.0,222.3,661.4,259.6,15.11
Papua New Guinea,2013,217.4,225.1,678.0,264.4,15.44
Papua New Guinea,2014,222.7,229.9,708.1,274.5,15.97
Papua New Guinea,2015,233.5,251.5,768.8,300.3,18.46
Papua New Guinea,2016,212.0,249.7,770.6,298.8,18.22
Papua New Guinea,2017,230.2,260.3,794.6,308.0,19.54
Papua New Guinea,2018,229.1,268.0,820.0,316.8,20.58
Papua New Guinea,2019,215.1,274.4,853.8,326.8,21.3
Paraguay,2010,235.2,78.3,728.9,327.4,43.25
Paraguay,2011,224.2,80.17,723.5,316.4,41.4
Paraguay,2012,186.9,82.64,715.5,301.9,39.68
Paraguay,2013,170.2,79.72,718.6,292.3,40.04
Paraguay,2014,151.2,87.54,670.9,275.0,38.2
Paraguay,2015,165.4,85.94,653.1,263.5,37.58
Paraguay,2016,234.8,108.2,749.3,279.7,37.75
Paraguay,2017,276.6,133.4,825.6,355.3,54.05
Paraguay,2018,205.2,104.9,730.3,282.2,38.44
Paraguay,2019,213.6,111.2,748.5,290.4,40.56
Peru,2010,3320.0,369.9,2366.0,994.3,303.1
Peru,2011,3292.0,371.5,2413.0,990.2,303.1
Peru,2012,3454.0,396.9,2522.0,1029.0,324.5
Peru,2013,3529.0,407.7,2610.0,1053.0,336.1
Peru,2014,3548.0,411.5,2632.0,1055.0,348.8
Peru,2015,3424.0,398.9,2616.0,1030.0,345.9
Peru,2016,3439.0,402.1,2713.0,1046.0,351.8
Peru,2017,3446.0,402.3,2842.0,1071.0,349.1
Peru,2018,3609.0,419.7,3020.0,1133.0,376.8
Peru,2019,3709.0,428.9,3173.0,1181.0,397.1
Philippines,2010,12118.0,3019.0,18466.0,8985.0,891.8
Philippines,2011,12035.0,3043.0,19100.0,8826.0,847.5
Philippines,2012,13345.0,3382.0,20412.0,9198.0,927.1
Philippines,2013,14372.0,3618.0,21667.0,9615.0,966.8
Philippines,2014,12549.0,3239.0,20043.0,7756.0,819.5
Philippines,2015,14601.0,3680.0,22400.0,8475.0,885.5
Philippines,2016,16589.0,4147.0,24330.0,9247.0,985.9
Philippines,2017,16635.0,4146.0,24937.0,9187.0,934.6
Philippines,2018,17714.0,4390.0,26217.0,9565.0,965.6
Philippines,2019,19416.0,4775.0,27902.0,10189.0,1040.0
Poland,2010,2356.0,2272.0,26771.0,5765.0,2784.0
Poland,2011,2536.0,2326.0,26356.0,5846.0,2829.0
Poland,2012,2625.0,2296.0,27613.0,5384.0,2633.0
Poland,2013,3133.0,2399.0,27850.0,5047.0,2542.0
Poland,2014,2881.0,2197.0,27054.0,4834.0,2631.0
Poland,2015,3318.0,2371.0,28580.0,4604.0,2599.0
Poland,2016,2980.0,2037.0,25953.0,4391.0,2514.0
Poland,2017,3748.0,2089.0,26429.0,4865.0,2576.0
Poland,2018,4168.0,2038.0,25867.0,4696.0,2561.0
Poland,2019,3678.0,1795.0,24128.0,4135.0,2239.0
Portugal,2010,690.9,346.6,2223.0,1431.0,188.2
Portugal,2011,756.7,336.2,2108.0,1328.0,193.4
Portugal,2012,819.3,324.9,2037.0,1238.0,162.6
Portugal,2013,728.5,299.3,1951.0,1118.0,176.2
Portugal,2014,535.0,244.6,1813.0,893.1,125.4
Portugal,2015,665.6,291.1,1907.0,973.1,149.4
Portugal,2016,647.1,284.5,1923.0,952.9,144.7
Portugal,2017,659.1,291.9,1967.0,976.1,165.4
Portugal,2018,555.2,262.4,1808.0,849.4,136.3
Portugal,2019,484.4,234.2,1650.0,768.4,115.6
Qatar,2010,29.06,11.47,199.2,40.54,9.08
Qatar,2011,30.49,11.84,202.2,41.51,9.68
Qatar,2012,31.42,12.29,209.2,42.67,10.41
Qatar,2013,31.8,12.59,214.5,42.93,10.77
Qatar,2014,32.41,13.03,221.2,43.66,10.98
Qatar,2015,35.63,14.71,242.5,48.63,12.24
Qatar,2016,35.97,15.11,253.6,49.39,12.48
Qatar,2017,37.21,16.05,270.4,51.24,13.66
Qatar,2018,38.07,16.9,288.6,52.77,15.03
Qatar,2019,38.18,17.38,304.0,53.55,15.76
Republic of Korea,2010,2255.0,1400.0,5608.0,5123.0,2236.0
Republic of Korea,2011,2524.0,1432.0,5861.0,4845.0,2235.0
Republic of Korea,2012,2800.0,1459.0,5974.0,4609.0,2124.0
Republic of Korea,2013,3067.0,1430.0,5816.0,4736.0,2349.0
Republic of Korea,2014,3427.0,1486.0,6062.0,4557.0,2405.0
Republic of Korea,2015,4097.0,1542.0,6328.0,4430.0,2303.0
Republic of Korea,2016,4511.0,1442.0,6272.0,4242.0,2355.0
Republic of Korea,2017,5113.0,1406.0,6316.0,4035.0,2254.0
Republic of Korea,2018,5936.0,1379.0,6518.0,3942.0,2092.0
Republic of Korea,2019,5826.0,1321.0,6233.0,3697.0,2208.0
Republic of Moldova,2010,183.1,190.8,3775.0,842.6,83.65
Republic of Moldova,2011,131.7,143.0,3347.0,788.5,75.9
Republic of Moldova,2012,136.7,119.4,3283.0,781.7,74.11
Republic of Moldova,2013,137.5,114.4,3160.0,760.5,76.35
Republic of Moldova,2014,166.5,98.71,3229.0,782.0,79.16
Republic of Moldova,2015,163.5,88.75,2962.0,692.0,68.95
Republic of Moldova,2016,143.1,76.11,2656.0,633.1,65.28
Republic of Moldova,2017,125.1,74.92,2574.0,584.8,56.7
Republic of Moldova,2018,150.5,69.85,2680.0,603.0,70.14
Republic of Moldova,2019,135.8,71.77,2512.0,578.2,63.31
Romania,2010,1005.0,904.5,15343.0,7087.0,812.0
Romania,2011,1020.0,911.5,15157.0,7138.0,847.5
Romania,2012,1049.0,861.2,14809.0,6706.0,782.2
Romania,2013,929.9,767.5,13833.0,6296.0,737.8
Romania,2014,985.5,828.0,14241.0,6186.0,765.0
Romania,2015,1115.0,841.4,14576.0,5971.0,747.3
Romania,2016,1054.0,790.1,14011.0,5749.0,711.9
Romania,2017,1190.0,852.0,14335.0,5869.0,737.4
Romania,2018,1421.0,830.9,14196.0,5839.0,738.2
Romania,2019,1310.0,750.0,13054.0,5154.0,616.6
Russian Federation,2010,5098.0,3277.0,108363.0,34649.0,2928.0
Russian Federation,2011,4304.0,2836.0,96740.0,29453.0,2427.0
Russian Federation,2012,4045.0,2781.0,94441.0,28351.0,2308.0
Russian Federation,2013,4073.0,2860.0,93277.0,28178.0,2351.0
Russian Federation,2014,4310.0,3120.0,96820.0,29719.0,2543.0
Russian Federation,2015,3533.0,2684.0,85306.0,25605.0,2128.0
Russian Federation,2016,3127.0,2485.0,80741.0,23872.0,1908.0
Russian Federation,2017,2754.0,2315.0,75810.0,22329.0,1736.0
Russian Federation,2018,3113.0,2601.0,81816.0,24689.0,2046.0
Russian Federation,2019,2864.0,2431.0,78020.0,23411.0,1912.0
Rwanda,2010,1706.0,236.2,652.1,691.2,20.89
Rwanda,2011,1574.0,238.8,660.3,695.9,21.86
Rwanda,2012,1479.0,243.2,675.3,707.0,23.09
Rwanda,2013,1411.0,242.6,678.6,703.4,23.78
Rwanda,2014,1385.0,247.7,698.8,719.3,24.89
Rwanda,2015,1354.0,250.2,713.8,727.7,25.94
Rwanda,2016,1349.0,259.0,749.8,752.2,27.61
Rwanda,2017,1347.0,266.2,782.2,771.9,29.09
Rwanda,2018,1356.0,276.2,821.4,801.1,31.23
Rwanda,2019,1375.0,288.9,862.5,836.8,33.64
Saint Lucia,2010,4.09,2.56,16.4,10.16,0.43
Saint Lucia,2011,4.02,2.47,15.88,9.99,0.43
Saint Lucia,2012,4.43,2.7,16.97,10.98,0.48
Saint Lucia,2013,4.66,2.74,17.54,11.3,0.5
Saint Lucia,2014,5.41,3.09,18.77,12.18,0.57
Saint Lucia,2015,5.9,3.32,19.72,13.06,0.65
Saint Lucia,2016,6.09,3.6,21.4,14.18,0.69
Saint Lucia,2017,6.72,3.96,22.93,15.36,0.77
Saint Lucia,2018,6.52,3.9,22.96,15.15,0.74
Saint Lucia,2019,6.2,3.76,22.68,14.72,0.7
Saint Vincent and the Grenadines,2010,3.64,0.96,22.02,8.33,0.25
Saint Vincent and the Grenadines,2011,3.04,1.11,21.56,7.89,0.25
Saint Vincent and the Grenadines,2012,2.2,1.18,23.13,8.32,0.37
Saint Vincent and the Grenadines,2013,2.09,1.24,23.24,8.28,0.34
Saint Vincent and the Grenadines,2014,2.89,1.27,22.91,8.63,0.4
Saint Vincent and the Grenadines,2015,3.63,1.79,23.46,8.99,0.3
Saint Vincent and the Grenadines,2016,4.15,1.95,21.06,8.69,0.4
Saint Vincent and the Grenadines,2017,4.31,2.23,22.03,9.07,0.37
Saint Vincent and the Grenadines,2018,4.0,1.93,22.11,8.67,0.34
Saint Vincent and the Grenadines,2019,3.82,1.82,21.57,8.33,0.32
Samoa,2010,3.53,2.73,22.84,7.41,0.61
Samoa,2011,3.65,2.86,24.31,7.76,0.63
Samoa,2012,3.83,2.97,25.69,8.13,0.66
Samoa,2013,3.86,2.96,25.7,8.17,0.67
Samoa,2014,3.82,2.89,25.8,8.15,0.66
Samoa,2015,3.88,2.93,26.66,8.37,0.68
Samoa,2016,3.8,2.89,26.5,8.23,0.67
Samoa,2017,3.81,2.94,26.76,8.3,0.69
Samoa,2018,3.89,2.96,27.12,8.37,0.72
Samoa,2019,3.68,2.96,27.43,8.37,0.73
Sao Tome and Principe,2010,31.11,6.3,20.12,12.38,1.26
Sao Tome and Principe,2011,30.0,6.56,20.98,12.79,1.33
Sao Tome and Principe,2012,30.42,7.02,22.46,13.66,1.42
Sao Tome and Principe,2013,28.08,6.89,22.5,13.55,1.48
Sao Tome and Principe,2014,27.75,6.91,22.89,13.7,1.58
Sao Tome and Principe,2015,27.72,7.01,23.12,13.91,1.73
Sao Tome and Principe,2016,27.99,7.2,23.95,14.29,1.83
Sao Tome and Principe,2017,28.98,7.4,24.99,14.7,1.89
Sao Tome and Principe,2018,28.96,7.48,25.44,14.83,1.99
Sao Tome and Principe,2019,28.94,7.55,25.91,14.98,2.05
Saudi Arabia,2010,1909.0,577.7,8535.0,2954.0,108.7
Saudi Arabia,2011,1945.0,601.9,8673.0,3054.0,113.7
Saudi Arabia,2012,1999.0,626.1,8951.0,3170.0,121.7
Saudi Arabia,2013,2020.0,636.6,9228.0,3215.0,125.9
Saudi Arabia,2014,1998.0,635.5,9356.0,3195.0,125.4
Saudi Arabia,2015,2077.0,662.2,10012.0,3365.0,141.9
Saudi Arabia,2016,2072.0,672.3,10096.0,3368.0,142.7
Saudi Arabia,2017,2133.0,702.0,10448.0,3478.0,153.0
Saudi Arabia,2018,2132.0,709.6,10648.0,3504.0,158.0
Saudi Arabia,2019,2112.0,709.0,10791.0,3501.0,161.2
Senegal,2010,2427.0,222.4,1277.0,766.9,18.92
Senegal,2011,2434.0,230.8,1316.0,791.4,20.25
Senegal,2012,2453.0,243.6,1376.0,832.1,21.29
Senegal,2013,2350.0,241.8,1378.0,828.6,21.5
Senegal,2014,2186.0,245.8,1398.0,842.2,23.21
Senegal,2015,2205.0,255.0,1442.0,872.2,25.01
Senegal,2016,2133.0,254.6,1448.0,869.3,25.76
Senegal,2017,2156.0,265.4,1500.0,899.9,27.11
Senegal,2018,2088.0,267.5,1528.0,907.1,27.38
Senegal,2019,2023.0,267.9,1549.0,910.1,28.16
Serbia,2010,187.1,594.8,5047.0,3088.0,783.6
Serbia,2011,289.0,649.7,5104.0,3006.0,774.6
Serbia,2012,299.0,616.9,4960.0,2886.0,735.2
Serbia,2013,303.6,593.0,4899.0,2636.0,720.9
Serbia,2014,290.1,586.2,5159.0,2565.0,731.1
Serbia,2015,393.4,615.5,5191.0,2583.0,722.1
Serbia,2016,338.1,574.5,4859.0,2401.0,712.8
Serbia,2017,437.4,654.7,5202.0,2516.0,756.1
Serbia,2018,415.2,628.0,5048.0,2488.0,754.5
Serbia,2019,373.5,557.6,4683.0,2224.0,649.2
Seychelles,2010,10.79,2.62,18.87,7.31,1.17
Seychelles,2011,10.56,2.47,18.09,6.95,1.09
Seychelles,2012,11.84,2.68,18.93,7.44,1.19
Seychelles,2013,12.47,2.72,18.88,7.54,1.24
Seychelles,2014,11.63,2.45,18.01,7.07,1.12
Seychelles,2015,11.98,2.44,18.26,7.29,1.18
Seychelles,2016,13.17,2.7,19.59,7.88,1.36
Seychelles,2017,12.47,2.6,19.57,7.63,1.27
Seychelles,2018,12.48,2.65,20.0,7.73,1.33
Seychelles,2019,12.73,2.73,20.58,7.92,1.42
Sierra Leone,2010,2312.0,139.3,897.2,555.4,9.65
Sierra Leone,2011,2101.0,142.6,910.1,565.0,10.12
Sierra Leone,2012,2180.0,152.3,946.4,597.6,11.26
Sierra Leone,2013,2179.0,143.9,911.5,567.9,10.94
Sierra Leone,2014,2296.0,145.9,905.1,568.6,11.91
Sierra Leone,2015,2345.0,148.4,919.3,577.9,12.53
Sierra Leone,2016,2228.0,151.0,949.6,593.6,12.47
Sierra Leone,2017,2169.0,153.9,972.4,606.3,12.81
Sierra Leone,2018,2140.0,155.9,992.2,616.0,13.13
Sierra Leone,2019,2094.0,157.2,1003.0,622.4,13.48
Singapore,2010,526.9,59.85,776.0,198.0,99.63
Singapore,2011,547.5,53.2,700.3,217.8,104.5
Singapore,2012,549.9,51.34,672.7,219.8,102.8
Singapore,2013,664.4,44.15,690.2,222.8,116.1
Singapore,2014,688.4,47.73,713.9,216.4,116.5
Singapore,2015,702.7,49.44,762.8,175.3,116.8
Singapore,2016,684.4,43.06,777.8,173.4,105.4
Singapore,2017,709.5,40.18,870.1,163.5,99.33
Singapore,2018,684.5,38.71,842.3,164.7,94.39
Singapore,2019,726.5,39.09,962.8,161.1,93.96
Slovakia,2010,431.9,152.7,4193.0,803.6,212.4
Slovakia,2011,403.8,145.2,3772.0,789.8,222.9
Slovakia,2012,357.1,164.2,3205.0,744.0,208.3
Slovakia,2013,386.1,128.5,3346.0,670.1,203.4
Slovakia,2014,320.4,130.4,3073.0,685.1,198.5
Slovakia,2015,353.9,142.6,2882.0,624.9,207.3
Slovakia,2016,348.4,140.3,2705.0,577.8,201.5
Slovakia,2017,362.2,145.0,2569.0,552.1,211.8
Slovakia,2018,374.5,149.1,2407.0,522.4,222.5
Slovakia,2019,329.1,131.1,2074.0,434.8,189.2
Slovenia,2010,106.6,68.91,693.4,259.9,103.9
Slovenia,2011,120.7,75.71,713.2,252.2,107.3
Slovenia,2012,148.2,70.24,725.5,250.5,100.1
Slovenia,2013,146.5,63.45,715.4,239.5,91.77
Slovenia,2014,112.9,65.53,731.2,245.9,100.2
Slovenia,2015,130.0,66.91,763.1,245.5,100.4
Slovenia,2016,120.6,64.36,734.5,239.3,97.14
Slovenia,2017,116.4,77.63,763.1,245.3,102.0
Slovenia,2018,94.43,70.38,738.6,257.7,104.4
Slovenia,2019,60.65,72.09,673.6,213.1,82.05
Solomon Islands,2010,23.08,7.9,78.14,26.93,0.58
Solomon Islands,2011,23.0,8.13,81.65,27.9,0.61
Solomon Islands,2012,24.02,8.47,84.96,29.08,0.65
Solomon Islands,2013,25.31,8.96,90.06,30.75,0.7
Solomon Islands,2014,26.47,9.36,94.03,32.17,0.75
Solomon Islands,2015,27.57,10.01,100.3,34.48,0.82
Solomon Islands,2016,26.82,10.14,102.1,34.9,0.83
Solomon Islands,2017,26.49,10.56,106.7,36.93,0.87
Solomon Islands,2018,26.93,11.2,113.7,39.79,0.94
Solomon Islands,2019,26.7,11.18,114.8,39.78,0.96
Somalia,2010,3894.0,195.4,1011.0,698.9,12.03
Somalia,2011,3099.0,203.1,1052.0,726.2,12.43
Somalia,2012,3445.0,211.2,1091.0,752.0,12.86
Somalia,2013,3508.0,213.3,1109.0,761.3,12.86
Somalia,2014,2721.0,218.4,1139.0,779.9,13.17
Somalia,2015,2897.0,221.9,1162.0,792.1,13.5
Somalia,2016,3081.0,229.9,1201.0,816.1,14.0
Somalia,2017,2572.0,238.4,1245.0,845.4,14.44
Somalia,2018,2685.0,244.0,1277.0,864.7,14.77
Somalia,2019,3118.0,246.6,1298.0,874.9,14.88
South Africa,2010,8147.0,1586.0,6779.0,4061.0,591.2
South Africa,2011,7553.0,1556.0,6666.0,3985.0,599.3
South Africa,2012,7385.0,1537.0,6625.0,3935.0,609.1
South Africa,2013,7320.0,1544.0,6648.0,3940.0,624.6
South Africa,2014,7381.0,1588.0,6829.0,4047.0,652.2
South Africa,2015,7429.0,1636.0,7077.0,4154.0,680.7
South Africa,2016,7567.0,1668.0,7249.0,4233.0,680.6
South Africa,2017,7750.0,1708.0,7365.0,4287.0,695.6
South Africa,2018,7422.0,1611.0,6868.0,3977.0,681.6
South Africa,2019,7300.0,1567.0,6629.0,3845.0,684.9
South Sudan,2010,1734.0,96.72,463.5,364.8,12.66
South Sudan,2011,1723.0,103.4,491.1,384.6,13.48
South Sudan,2012,1713.0,110.1,525.7,410.0,14.01
South Sudan,2013,1711.0,104.6,510.8,394.5,14.1
South Sudan,2014,1732.0,103.7,504.9,392.5,14.21
South Sudan,2015,1849.0,110.9,540.5,419.5,14.93
South Sudan,2016,1910.0,117.0,572.2,440.8,15.35
South Sudan,2017,1881.0,115.2,568.4,432.5,15.1
South Sudan,2018,1951.0,122.6,604.1,456.6,15.68
South Sudan,2019,1854.0,117.1,596.0,441.9,14.8
Spain,2010,1176.0,1834.0,9704.0,3309.0,1259.0
Spain,2011,1356.0,1952.0,10009.0,3276.0,1326.0
Spain,2012,1412.0,1900.0,9695.0,3101.0,1182.0
Spain,2013,1184.0,1638.0,8895.0,2800.0,1110.0
Spain,2014,1140.0,1523.0,8365.0,2602.0,973.6
Spain,2015,1502.0,1757.0,9169.0,2844.0,1093.0
Spain,2016,1211.0,1428.0,8192.0,2487.0,975.3
Spain,2017,1492.0,1535.0,8691.0,2574.0,1002.0
Spain,2018,1422.0,1509.0,8377.0,2502.0,962.6
Spain,2019,1346.0,1400.0,7974.0,2326.0,864.5
Sri Lanka,2010,855.1,1162.0,5633.0,1152.0,129.0
Sri Lanka,2011,774.2,1118.0,5424.0,879.0,144.3
Sri Lanka,2012,798.0,1223.0,5357.0,920.1,138.0
Sri Lanka,2013,914.3,1344.0,5676.0,968.3,157.0
Sri Lanka,2014,858.9,1219.0,5557.0,861.9,144.4
Sri Lanka,2015,898.0,1271.0,5556.0,912.2,154.6
Sri Lanka,2016,1004.0,1399.0,5797.0,973.7,175.9
Sri Lanka,2017,985.9,1352.0,5678.0,937.0,168.2
Sri Lanka,2018,1038.0,1393.0,5730.0,949.1,176.8
Sri Lanka,2019,1107.0,1451.0,5804.0,969.8,190.2
Sudan,2010,4005.0,473.6,6779.0,2044.0,37.21
Sudan,2011,3990.0,513.5,7340.0,2200.0,39.48
Sudan,2012,3804.0,517.6,7436.0,2225.0,40.67
Sudan,2013,3520.0,524.8,7640.0,2260.0,41.06
Sudan,2014,3211.0,521.4,7668.0,2258.0,41.68
Sudan,2015,3223.0,541.4,7962.0,2352.0,45.23
Sudan,2016,3087.0,555.0,8239.0,2421.0,46.76
Sudan,2017,3100.0,575.3,8575.0,2510.0,49.32
Sudan,2018,2744.0,576.7,8812.0,2540.0,49.9
Sudan,2019,2439.0,579.6,9026.0,2574.0,51.05
Suriname,2010,13.89,5.32,68.17,38.26,3.37
Suriname,2011,13.39,5.31,68.59,37.27,3.44
Suriname,2012,15.05,5.86,72.81,39.59,3.86
Suriname,2013,14.83,5.86,74.03,39.71,3.8
Suriname,2014,16.15,6.39,78.64,42.72,4.22
Suriname,2015,17.7,6.94,84.83,46.35,4.67
Suriname,2016,18.84,7.4,91.17,49.34,4.95
Suriname,2017,20.75,8.18,100.1,54.14,5.43
Suriname,2018,21.59,8.59,108.0,57.44,5.58
Suriname,2019,21.42,8.58,111.4,58.39,5.54
Sweden,2010,120.1,222.3,2784.0,536.7,103.1
Sweden,2011,172.7,237.8,2745.0,550.6,109.4
Sweden,2012,157.0,213.6,2491.0,474.3,86.23
Sweden,2013,145.7,187.6,2201.0,422.0,79.22
Sweden,2014,107.7,168.2,2008.0,375.8,69.43
Sweden,2015,140.0,179.6,1974.0,355.6,73.67
Sweden,2016,103.3,155.1,1696.0,307.4,59.84
Sweden,2017,118.8,164.7,1667.0,293.6,63.19
Sweden,2018,144.8,172.5,1700.0,309.2,63.55
Sweden,2019,129.2,170.1,1605.0,287.7,61.43
Switzerland,2010,160.8,250.9,2087.0,416.5,190.0
Switzerland,2011,181.1,254.2,2036.0,412.7,197.9
Switzerland,2012,178.3,244.6,2056.0,389.7,171.5
Switzerland,2013,177.1,248.1,1970.0,392.6,169.4
Switzerland,2014,141.2,217.0,1795.0,340.9,154.0
Switzerland,2015,212.0,243.9,1868.0,361.2,162.6
Switzerland,2016,145.6,212.3,1682.0,333.3,147.3
Switzerland,2017,197.1,221.3,1725.0,337.4,150.0
Switzerland,2018,199.6,229.6,1749.0,339.1,151.2
Switzerland,2019,183.9,207.7,1632.0,306.9,130.3
Syrian Arab Republic,2010,663.9,217.0,5440.0,981.3,223.7
Syrian Arab Republic,2011,597.4,223.1,5595.0,1005.0,224.7
Syrian Arab Republic,2012,660.7,227.4,5692.0,1021.0,225.8
Syrian Arab Republic,2013,807.5,228.2,5760.0,1033.0,221.8
Syrian Arab Republic,2014,777.3,210.6,5344.0,957.4,213.8
Syrian Arab Republic,2015,667.5,208.7,5272.0,951.5,215.6
Syrian Arab Republic,2016,523.8,219.1,5585.0,1009.0,214.4
Syrian Arab Republic,2017,608.1,232.4,5931.0,1069.0,217.8
Syrian Arab Republic,2018,718.1,237.0,6024.0,1087.0,222.4
Syrian Arab Republic,2019,663.0,247.0,6280.0,1133.0,229.4
Tajikistan,2010,1083.0,300.4,3523.0,1397.0,55.38
Tajikistan,2011,1152.0,322.9,3815.0,1470.0,61.84
Tajikistan,2012,1164.0,322.7,3906.0,1449.0,62.01
Tajikistan,2013,1142.0,307.2,3865.0,1375.0,59.33
Tajikistan,2014,1134.0,300.2,3918.0,1339.0,58.04
Tajikistan,2015,1148.0,298.2,3992.0,1321.0,58.48
Tajikistan,2016,1156.0,306.2,4224.0,1330.0,59.09
Tajikistan,2017,1127.0,305.4,4230.0,1340.0,60.23
Tajikistan,2018,1106.0,297.2,4079.0,1308.0,61.66
Tajikistan,2019,1049.0,283.6,3935.0,1264.0,60.36
Thailand,2010,4328.0,2877.0,8569.0,5811.0,2166.0
Thailand,2011,4361.0,2723.0,8459.0,5621.0,2041.0
Thailand,2012,4816.0,2776.0,8703.0,5837.0,2161.0
Thailand,2013,5284.0,2771.0,8964.0,6033.0,2226.0
Thailand,2014,5340.0,2572.0,8979.0,5913.0,2036.0
Thailand,2015,5813.0,2589.0,9301.0,6167.0,2106.0
Thailand,2016,6622.0,2853.0,10156.0,6823.0,2363.0
Thailand,2017,6349.0,2749.0,10243.0,6617.0,2202.0
Thailand,2018,6602.0,2874.0,10809.0,6906.0,2296.0
Thailand,2019,6910.0,3043.0,11408.0,7274.0,2464.0
Timor-Leste,2010,142.7,28.91,119.4,88.88,5.52
Timor-Leste,2011,134.5,28.62,122.0,88.74,5.62
Timor-Leste,2012,133.3,29.3,123.5,90.14,6.29
Timor-Leste,2013,128.3,30.47,129.1,93.8,6.7
Timor-Leste,2014,116.8,29.54,130.6,92.59,6.4
Timor-Leste,2015,112.7,29.07,131.2,92.51,6.69
Timor-Leste,2016,122.5,33.25,145.0,103.5,7.49
Timor-Leste,2017,113.5,32.07,145.4,101.2,7.11
Timor-Leste,2018,117.2,34.67,155.2,107.9,7.39
Timor-Leste,2019,121.0,37.4,165.4,115.6,7.91
Togo,2010,1692.0,134.7,853.4,533.1,8.3
Togo,2011,1757.0,140.9,885.8,554.2,8.68
Togo,2012,1770.0,145.1,910.9,567.9,8.88
Togo,2013,1723.0,145.3,922.8,569.6,8.83
Togo,2014,1677.0,147.2,931.5,573.9,9.16
Togo,2015,1645.0,154.3,968.9,597.0,10.17
Togo,2016,1608.0,154.5,973.5,592.4,10.5
Togo,2017,1592.0,155.6,983.0,590.7,10.93
Togo,2018,1575.0,156.6,995.3,591.8,11.19
Togo,2019,1560.0,156.8,1012.0,595.9,11.3
Tonga,2010,2.16,1.37,10.27,2.91,0.47
Tonga,2011,2.14,1.37,10.48,2.91,0.47
Tonga,2012,2.21,1.42,10.88,3.01,0.49
Tonga,2013,2.19,1.41,10.91,3.01,0.5
Tonga,2014,2.25,1.46,11.31,3.12,0.52
Tonga,2015,2.25,1.47,11.5,3.16,0.54
Tonga,2016,2.28,1.5,11.51,3.18,0.56
Tonga,2017,2.27,1.49,11.45,3.15,0.56
Tonga,2018,2.26,1.49,11.45,3.15,0.58
Tonga,2019,2.21,1.46,11.28,3.09,0.59
Trinidad and Tobago,2010,24.78,10.57,262.2,75.3,9.8
Trinidad and Tobago,2011,20.56,9.5,235.6,66.4,9.11
Trinidad and Tobago,2012,22.04,10.45,242.1,72.47,9.84
Trinidad and Tobago,2013,22.67,10.3,245.3,71.52,9.61
Trinidad and Tobago,2014,23.5,10.69,247.7,73.22,10.25
Trinidad and Tobago,2015,24.3,11.1,250.9,75.14,10.86
Trinidad and Tobago,2016,24.54,11.2,252.7,75.89,10.82
Trinidad and Tobago,2017,25.11,11.5,255.1,77.35,11.1
Trinidad and Tobago,2018,23.74,10.98,247.1,74.01,10.37
Trinidad and Tobago,2019,22.52,10.51,240.8,71.34,9.73
Tunisia,2010,392.8,240.1,3941.0,1130.0,173.6
Tunisia,2011,388.8,240.3,3977.0,1130.0,171.4
Tunisia,2012,391.9,245.1,4048.0,1146.0,174.1
Tunisia,2013,398.3,251.0,4137.0,1166.0,180.3
Tunisia,2014,412.4,262.0,4242.0,1199.0,192.0
Tunisia,2015,404.1,258.9,4244.0,1183.0,191.4
Tunisia,2016,428.1,275.3,4445.0,1241.0,205.2
Tunisia,2017,426.3,274.4,4509.0,1238.0,201.3
Tunisia,2018,444.4,286.7,4660.0,1282.0,214.2
Tunisia,2019,439.9,284.7,4681.0,1274.0,214.9
Turkmenistan,2010,315.4,54.4,2307.0,739.9,40.35
Turkmenistan,2011,328.7,58.15,2443.0,808.3,47.36
Turkmenistan,2012,317.5,55.57,2369.0,800.9,47.62
Turkmenistan,2013,306.3,53.36,2321.0,784.6,48.18
Turkmenistan,2014,297.9,51.47,2279.0,768.5,49.54
Turkmenistan,2015,293.9,50.23,2243.0,749.9,49.99
Turkmenistan,2016,297.0,51.67,2258.0,746.3,49.62
Turkmenistan,2017,283.9,50.01,2184.0,708.0,47.88
Turkmenistan,2018,278.6,51.25,2221.0,714.4,49.41
Turkmenistan,2019,257.8,50.4,2227.0,701.7,47.99
Trkiye,2010,1474.0,3032.0,14102.0,5155.0,2903.0
Trkiye,2011,1521.0,3138.0,14286.0,5216.0,3045.0
Trkiye,2012,1601.0,3192.0,14766.0,5260.0,3102.0
Trkiye,2013,1883.0,3355.0,15735.0,5481.0,3243.0
Trkiye,2014,2066.0,3464.0,16514.0,5611.0,3322.0
Trkiye,2015,2279.0,3500.0,16870.0,5652.0,3394.0
Trkiye,2016,2481.0,3570.0,17443.0,5787.0,3386.0
Trkiye,2017,2644.0,3696.0,17994.0,6029.0,3510.0
Trkiye,2018,2701.0,3742.0,18384.0,6112.0,3617.0
Trkiye,2019,2743.0,3797.0,18872.0,6227.0,3698.0
Uganda,2010,5917.0,461.7,1736.0,1562.0,36.89
Uganda,2011,6040.0,478.5,1792.0,1602.0,38.92
Uganda,2012,5949.0,478.9,1775.0,1569.0,41.69
Uganda,2013,5802.0,478.9,1774.0,1561.0,43.77
Uganda,2014,5185.0,469.5,1737.0,1532.0,45.59
Uganda,2015,5056.0,475.8,1773.0,1567.0,47.68
Uganda,2016,4990.0,501.2,1888.0,1662.0,50.79
Uganda,2017,4712.0,492.9,1871.0,1618.0,51.93
Uganda,2018,4714.0,512.6,1945.0,1668.0,56.05
Uganda,2019,4730.0,533.2,2047.0,1748.0,58.39
Ukraine,2010,1273.0,1575.0,64443.0,11828.0,1341.0
Ukraine,2011,1151.0,1352.0,59976.0,10691.0,1208.0
Ukraine,2012,1103.0,1222.0,58437.0,10145.0,1146.0
Ukraine,2013,1116.0,1182.0,58752.0,10105.0,1151.0
Ukraine,2014,1200.0,1196.0,60225.0,10330.0,1200.0
Ukraine,2015,1014.0,995.6,54245.0,8919.0,1003.0
Ukraine,2016,949.3,913.2,51860.0,8283.0,901.9
Ukraine,2017,887.5,888.1,49012.0,7855.0,843.2
Ukraine,2018,1006.0,999.0,51569.0,8505.0,974.7
Ukraine,2019,939.4,961.2,49315.0,8080.0,912.7
United Arab Emirates,2010,154.9,165.4,776.9,279.4,16.49
United Arab Emirates,2011,164.5,175.0,838.0,297.7,18.06
United Arab Emirates,2012,171.8,180.4,885.2,311.8,19.52
United Arab Emirates,2013,172.4,177.7,898.0,314.1,20.4
United Arab Emirates,2014,170.3,171.7,891.1,310.5,21.42
United Arab Emirates,2015,176.9,173.7,912.3,320.3,23.65
United Arab Emirates,2016,182.4,172.2,934.4,325.8,25.34
United Arab Emirates,2017,193.5,175.3,971.8,338.9,27.61
United Arab Emirates,2018,204.2,185.1,1025.0,355.7,29.55
United Arab Emirates,2019,212.0,191.9,1071.0,368.1,31.16
United Kingdom of Great Britain and Northern Ireland,2010,4502.0,3062.0,16793.0,5281.0,2168.0
United Kingdom of Great Britain and Northern Ireland,2011,4474.0,3159.0,15366.0,4566.0,2237.0
United Kingdom of Great Britain and Northern Ireland,2012,4240.0,3130.0,15037.0,4348.0,2014.0
United Kingdom of Great Britain and Northern Ireland,2013,4252.0,3203.0,14811.0,4178.0,1957.0
United Kingdom of Great Britain and Northern Ireland,2014,4006.0,2842.0,13370.0,3842.0,1798.0
United Kingdom of Great Britain and Northern Ireland,2015,4749.0,3168.0,13567.0,3963.0,1805.0
United Kingdom of Great Britain and Northern Ireland,2016,4031.0,2855.0,12453.0,3523.0,1627.0
United Kingdom of Great Britain and Northern Ireland,2017,4166.0,2742.0,12169.0,3422.0,1578.0
United Kingdom of Great Britain and Northern Ireland,2018,4260.0,2689.0,11878.0,3325.0,1565.0
United Kingdom of Great Britain and Northern Ireland,2019,4085.0,2494.0,11234.0,3082.0,1438.0
United Republic of Tanzania,2010,4899.0,275.4,1899.0,1570.0,6.76
United Republic of Tanzania,2011,4766.0,276.0,1922.0,1584.0,7.17
United Republic of Tanzania,2012,4718.0,274.0,1904.0,1552.0,8.06
United Republic of Tanzania,2013,4249.0,285.6,2018.0,1600.0,7.85
United Republic of Tanzania,2014,4078.0,282.3,2004.0,1582.0,8.01
United Republic of Tanzania,2015,4110.0,291.5,2072.0,1633.0,8.44
United Republic of Tanzania,2016,4128.0,307.0,2216.0,1723.0,8.89
United Republic of Tanzania,2017,4022.0,310.3,2276.0,1730.0,9.22
United Republic of Tanzania,2018,4007.0,320.2,2347.0,1761.0,10.97
United Republic of Tanzania,2019,4002.0,332.7,2453.0,1824.0,10.89
United States of America,2010,5029.0,11380.0,72278.0,10779.0,6199.0
United States of America,2011,5463.0,11868.0,72159.0,10848.0,6227.0
United States of America,2012,4951.0,11567.0,70845.0,10578.0,5976.0
United States of America,2013,5317.0,11583.0,69718.0,10260.0,5611.0
United States of America,2014,5029.0,11258.0,68317.0,10379.0,5447.0
United States of America,2015,4955.0,11420.0,68059.0,10585.0,5081.0
United States of America,2016,3926.0,10142.0,63469.0,9749.0,4173.0
United States of America,2017,4574.0,11255.0,66946.0,10648.0,4486.0
United States of America,2018,4889.0,12031.0,70388.0,11042.0,4873.0
United States of America,2019,4176.0,10551.0,65364.0,9853.0,3942.0
Uruguay,2010,135.4,119.9,726.1,252.3,52.18
Uruguay,2011,127.1,113.4,697.5,249.9,52.45
Uruguay,2012,146.0,114.6,714.1,235.0,49.05
Uruguay,2013,141.6,115.2,669.8,245.1,56.75
Uruguay,2014,125.7,109.6,647.4,230.2,58.56
Uruguay,2015,133.3,134.0,699.2,252.5,60.88
Uruguay,2016,159.7,132.2,692.3,251.3,59.3
Uruguay,2017,120.5,110.0,622.9,204.0,53.45
Uruguay,2018,123.4,116.3,629.6,214.8,51.79
Uruguay,2019,119.5,113.7,622.4,210.2,49.26
Uzbekistan,2010,2017.0,402.4,18078.0,4287.0,265.4
Uzbekistan,2011,2090.0,432.3,19619.0,4560.0,306.5
Uzbekistan,2012,2053.0,427.9,20044.0,4510.0,319.9
Uzbekistan,2013,1919.0,416.2,19450.0,4249.0,314.1
Uzbekistan,2014,1838.0,411.1,19434.0,4171.0,320.7
Uzbekistan,2015,1782.0,398.3,18896.0,4034.0,319.9
Uzbekistan,2016,1633.0,406.9,18833.0,4048.0,335.1
Uzbekistan,2017,1555.0,415.6,18632.0,4045.0,335.1
Uzbekistan,2018,1473.0,424.1,18398.0,4051.0,341.1
Uzbekistan,2019,1340.0,412.8,17693.0,3907.0,328.9
Vanuatu,2010,8.09,5.07,41.97,13.74,0.31
Vanuatu,2011,8.4,5.34,44.67,14.5,0.35
Vanuatu,2012,8.72,5.51,46.31,14.98,0.36
Vanuatu,2013,9.06,5.73,48.24,15.6,0.39
Vanuatu,2014,9.12,5.83,49.16,15.92,0.4
Vanuatu,2015,9.68,6.18,52.23,16.98,0.43
Vanuatu,2016,9.79,6.31,53.33,17.32,0.44
Vanuatu,2017,9.84,6.38,54.48,17.64,0.45
Vanuatu,2018,10.12,6.55,56.12,18.19,0.49
Vanuatu,2019,9.65,6.29,55.88,17.8,0.48
Venezuela (Bolivarian Republic of),2010,906.2,558.1,4970.0,1409.0,306.3
Venezuela (Bolivarian Republic of),2011,962.4,592.4,5297.0,1471.0,308.8
Venezuela (Bolivarian Republic of),2012,946.4,575.7,5219.0,1470.0,309.3
Venezuela (Bolivarian Republic of),2013,1098.0,607.2,5304.0,1477.0,325.8
Venezuela (Bolivarian Republic of),2014,1164.0,665.0,5726.0,1522.0,327.2
Venezuela (Bolivarian Republic of),2015,1122.0,645.1,5524.0,1524.0,333.1
Venezuela (Bolivarian Republic of),2016,1261.0,664.8,5653.0,1556.0,333.3
Venezuela (Bolivarian Republic of),2017,1248.0,657.1,5577.0,1524.0,323.1
Venezuela (Bolivarian Republic of),2018,1192.0,618.8,5337.0,1439.0,299.6
Venezuela (Bolivarian Republic of),2019,1170.0,601.9,5185.0,1393.0,289.6
Viet Nam,2010,5173.0,4462.0,14327.0,20241.0,1525.0
Viet Nam,2011,5034.0,4330.0,14551.0,19837.0,1475.0
Viet Nam,2012,5317.0,4564.0,15371.0,20679.0,1599.0
Viet Nam,2013,5600.0,4756.0,16122.0,21272.0,1727.0
Viet Nam,2014,5060.0,4473.0,16051.0,20130.0,1609.0
Viet Nam,2015,5241.0,4586.0,16626.0,20376.0,1698.0
Viet Nam,2016,5646.0,4989.0,17805.0,21531.0,1913.0
Viet Nam,2017,5308.0,4734.0,17863.0,20429.0,1798.0
Viet Nam,2018,5344.0,4808.0,18487.0,20499.0,1871.0
Viet Nam,2019,5450.0,4993.0,19258.0,20969.0,2015.0
Yemen,2010,3011.0,457.7,5385.0,1717.0,61.11
Yemen,2011,2942.0,486.8,5655.0,1802.0,66.96
Yemen,2012,2947.0,511.9,5905.0,1878.0,71.64
Yemen,2013,3030.0,515.3,6008.0,1892.0,73.02
Yemen,2014,2962.0,504.9,6026.0,1871.0,71.96
Yemen,2015,3150.0,529.3,6289.0,1957.0,78.57
Yemen,2016,3179.0,546.6,6525.0,2021.0,79.61
Yemen,2017,3335.0,579.2,6883.0,2136.0,84.39
Yemen,2018,3072.0,601.3,7182.0,2224.0,87.42
Yemen,2019,3411.0,627.8,7518.0,2328.0,90.52
Zambia,2010,1875.0,131.9,847.7,688.1,11.7
Zambia,2011,1925.0,137.7,872.4,743.7,12.42
Zambia,2012,1935.0,137.9,849.0,767.0,13.01
Zambia,2013,1901.0,137.1,831.6,792.0,13.21
Zambia,2014,1720.0,138.4,821.4,827.3,13.7
Zambia,2015,1669.0,139.7,805.1,861.7,14.28
Zambia,2016,1630.0,142.1,795.3,912.0,14.82
Zambia,2017,1615.0,145.4,833.4,919.3,15.44
Zambia,2018,1592.0,147.6,849.2,920.7,16.27
Zambia,2019,1539.0,145.8,835.1,897.1,17.04
Zimbabwe,2010,1843.0,110.1,1448.0,541.0,13.25
Zimbabwe,2011,1838.0,110.6,1445.0,535.4,13.34
Zimbabwe,2012,1762.0,110.4,1447.0,529.7,13.53
Zimbabwe,2013,1617.0,108.9,1441.0,521.3,13.7
Zimbabwe,2014,1585.0,109.1,1456.0,519.2,14.13
Zimbabwe,2015,1581.0,110.4,1469.0,515.4,14.68
Zimbabwe,2016,1537.0,110.3,1471.0,508.3,14.98
Zimbabwe,2017,1453.0,110.1,1452.0,496.1,15.57
Zimbabwe,2018,1435.0,109.7,1446.0,488.1,16.2
Zimbabwe,2019,1420.0,111.1,1478.0,494.5,16.62
