Location,Period,PM25
Afghanistan,2010,75.274
Afghanistan,2011,72.958
Afghanistan,2012,74.534
Afghanistan,2013,78.902
Afghanistan,2014,74.396
Afghanistan,2015,73.47
Afghanistan,2016,70.08
Afghanistan,2017,67.58399999999999
Afghanistan,2018,76.064
Afghanistan,2019,68.038
Albania,2010,22.048
Albania,2011,23.104
Albania,2012,21.781999999999996
Albania,2013,19.858
Albania,2014,19.202
Albania,2015,19.054000000000002
Albania,2016,18.212
Albania,2017,19.064
Albania,2018,19.814
Albania,2019,16.322
Algeria,2010,21.194
Algeria,2011,21.506
Algeria,2012,22.772000000000002
Algeria,2013,21.119999999999997
Algeria,2014,22.610000000000003
Algeria,2015,22.468
Algeria,2016,23.032000000000004
Algeria,2017,23.308
Algeria,2018,22.712
Algeria,2019,22.68
Andorra,2010,11.430000000000001
Andorra,2011,11.6675
Andorra,2012,10.807500000000001
Andorra,2013,10.165000000000001
Andorra,2014,9.3675
Andorra,2015,9.9675
Andorra,2016,9.09
Andorra,2017,9.337499999999999
Andorra,2018,9.25
Andorra,2019,8.56
Angola,2010,25.17
Angola,2011,25.915999999999997
Angola,2012,25.21
Angola,2013,25.887999999999998
Angola,2014,25.582
Angola,2015,26.524
Angola,2016,27.851999999999997
Angola,2017,27.234
Angola,2018,27.727999999999998
Angola,2019,28.889999999999997
Antigua and Barbuda,2010,8.184999999999999
Antigua and Barbuda,2011,7.8149999999999995
Antigua and Barbuda,2012,8.219999999999999
Antigua and Barbuda,2013,8.0725
Antigua and Barbuda,2014,8.517500000000002
Antigua and Barbuda,2015,8.9125
Antigua and Barbuda,2016,8.9725
Antigua and Barbuda,2017,9.29
Antigua and Barbuda,2018,8.892499999999998
Antigua and Barbuda,2019,8.315000000000001
Argentina,2010,12.919999999999998
Argentina,2011,12.998
Argentina,2012,12.734
Argentina,2013,13.789999999999997
Argentina,2014,13.342000000000002
Argentina,2015,13.940000000000001
Argentina,2016,13.690000000000001
Argentina,2017,13.008000000000001
Argentina,2018,12.383999999999999
Argentina,2019,11.832
Armenia,2010,40.81400000000001
Armenia,2011,46.362
Armenia,2012,45.804
Armenia,2013,42.760000000000005
Armenia,2014,40.472
Armenia,2015,40.501999999999995
Armenia,2016,39.958
Armenia,2017,37.678
Armenia,2018,37.01
Armenia,2019,34.056
Australia,2010,8.926
Australia,2011,7.992
Australia,2012,7.242
Australia,2013,7.167999999999999
Australia,2014,6.837999999999999
Australia,2015,6.531999999999999
Australia,2016,6.609999999999999
Australia,2017,6.828
Australia,2018,7.054
Australia,2019,8.852
Austria,2010,16.034
Austria,2011,16.404
Austria,2012,14.604000000000003
Austria,2013,14.329999999999998
Austria,2014,13.302000000000001
Austria,2015,13.98
Austria,2016,12.572
Austria,2017,12.6
Austria,2018,12.963999999999999
Austria,2019,11.767999999999999
Azerbaijan,2010,30.736
Azerbaijan,2011,34.602
Azerbaijan,2012,34.257999999999996
Azerbaijan,2013,31.985999999999997
Azerbaijan,2014,30.546000000000003
Azerbaijan,2015,30.26
Azerbaijan,2016,29.4
Azerbaijan,2017,28.03
Azerbaijan,2018,27.518
Azerbaijan,2019,25.130000000000003
Bahamas,2010,4.964
Bahamas,2011,4.914
Bahamas,2012,5.276000000000001
Bahamas,2013,5.074
Bahamas,2014,5.314
Bahamas,2015,5.314
Bahamas,2016,5.556
Bahamas,2017,5.798
Bahamas,2018,5.608
Bahamas,2019,5.196
Bahrain,2010,56.629999999999995
Bahrain,2011,55.474000000000004
Bahrain,2012,55.148
Bahrain,2013,53.59400000000001
Bahrain,2014,50.782
Bahrain,2015,57.214
Bahrain,2016,53.641999999999996
Bahrain,2017,55.516
Bahrain,2018,55.336
Bahrain,2019,52.622
Bangladesh,2010,48.212
Bangladesh,2011,48.688
Bangladesh,2012,49.519999999999996
Bangladesh,2013,51.492
Bangladesh,2014,49.626000000000005
Bangladesh,2015,49.251999999999995
Bangladesh,2016,46.47
Bangladesh,2017,44.908
Bangladesh,2018,49.227999999999994
Bangladesh,2019,44.682
Barbados,2010,9.065999999999999
Barbados,2011,8.962
Barbados,2012,9.52
Barbados,2013,9.232
Barbados,2014,9.858
Barbados,2015,10.428
Barbados,2016,10.248
Barbados,2017,10.802
Barbados,2018,10.258000000000001
Barbados,2019,9.695999999999998
Belarus,2010,20.285999999999998
Belarus,2011,18.414
Belarus,2012,17.637999999999998
Belarus,2013,18.23
Belarus,2014,19.046
Belarus,2015,16.716
Belarus,2016,14.975999999999999
Belarus,2017,14.545999999999998
Belarus,2018,16.279999999999998
Belarus,2019,15.652000000000001
Belgium,2010,16.028
Belgium,2011,16.240000000000002
Belgium,2012,14.598000000000003
Belgium,2013,14.368
Belgium,2014,13.088
Belgium,2015,13.239999999999998
Belgium,2016,12.329999999999998
Belgium,2017,12.292
Belgium,2018,12.126000000000001
Belgium,2019,11.223999999999998
Belize,2010,9.89
Belize,2011,9.82
Belize,2012,10.181999999999999
Belize,2013,10.216
Belize,2014,10.803999999999998
Belize,2015,11.076
Belize,2016,11.086000000000002
Belize,2017,11.348
Belize,2018,10.883999999999999
Belize,2019,10.469999999999999
Benin,2010,30.887999999999998
Benin,2011,31.392000000000003
Benin,2012,31.821999999999996
Benin,2013,30.895999999999997
Benin,2014,31.108000000000004
Benin,2015,33.126
Benin,2016,32.688
Benin,2017,32.642
Benin,2018,32.368
Benin,2019,31.594
Bhutan,2010,24.9325
Bhutan,2011,24.1
Bhutan,2012,24.785
Bhutan,2013,25.505
Bhutan,2014,24.665
Bhutan,2015,24.127499999999998
Bhutan,2016,22.8825
Bhutan,2017,21.904999999999998
Bhutan,2018,23.72
Bhutan,2019,21.59
Bolivia (Plurinational State of),2010,28.464
Bolivia (Plurinational State of),2011,26.304000000000002
Bolivia (Plurinational State of),2012,26.768
Bolivia (Plurinational State of),2013,27.074
Bolivia (Plurinational State of),2014,28.041999999999994
Bolivia (Plurinational State of),2015,27.022000000000002
Bolivia (Plurinational State of),2016,26.913999999999998
Bolivia (Plurinational State of),2017,24.67
Bolivia (Plurinational State of),2018,25.142000000000003
Bolivia (Plurinational State of),2019,25.73
Bosnia and Herzegovina,2010,37.426
Bosnia and Herzegovina,2011,39.218
Bosnia and Herzegovina,2012,36.866
Bosnia and Herzegovina,2013,33.794
Bosnia and Herzegovina,2014,34.406
Bosnia and Herzegovina,2015,32.95399999999999
Bosnia and Herzegovina,2016,31.877999999999997
Bosnia and Herzegovina,2017,33.946
Bosnia and Herzegovina,2018,34.344
Bosnia and Herzegovina,2019,28.120000000000005
Botswana,2010,14.718
Botswana,2011,14.459999999999999
Botswana,2012,13.76
Botswana,2013,13.560000000000002
Botswana,2014,13.634
Botswana,2015,13.752
Botswana,2016,13.528
Botswana,2017,14.012
Botswana,2018,13.862
Botswana,2019,13.685999999999998
Brazil,2010,14.318000000000001
Brazil,2011,14.565999999999999
Brazil,2012,13.852
Brazil,2013,12.870000000000001
Brazil,2014,13.002
Brazil,2015,11.804000000000002
Brazil,2016,11.762000000000002
Brazil,2017,14.569999999999999
Brazil,2018,10.922
Brazil,2019,10.722
Brunei Darussalam,2010,8.425999999999998
Brunei Darussalam,2011,8.533999999999999
Brunei Darussalam,2012,7.708
Brunei Darussalam,2013,8.188
Brunei Darussalam,2014,8.126
Brunei Darussalam,2015,7.911999999999999
Brunei Darussalam,2016,8.01
Brunei Darussalam,2017,7.148000000000001
Brunei Darussalam,2018,6.786
Brunei Darussalam,2019,6.934
Bulgaria,2010,24.826
Bulgaria,2011,25.266
Bulgaria,2012,23.088
Bulgaria,2013,21.982
Bulgaria,2014,21.998
Bulgaria,2015,21.196
Bulgaria,2016,20.357999999999997
Bulgaria,2017,21.03
Bulgaria,2018,21.14
Bulgaria,2019,17.898
Burkina Faso,2010,43.285999999999994
Burkina Faso,2011,42.362
Burkina Faso,2012,43.168
Burkina Faso,2013,40.516
Burkina Faso,2014,42.076
Burkina Faso,2015,45.864
Burkina Faso,2016,45.258
Burkina Faso,2017,44.952
Burkina Faso,2018,43.94
Burkina Faso,2019,42.908
Burundi,2010,27.794
Burundi,2011,27.651999999999997
Burundi,2012,28.242
Burundi,2013,28.154000000000003
Burundi,2014,28.228
Burundi,2015,28.326
Burundi,2016,28.314
Burundi,2017,27.580000000000002
Burundi,2018,27.927999999999997
Burundi,2019,27.941999999999997
Cabo Verde,2010,28.35
Cabo Verde,2011,31.264
Cabo Verde,2012,32.138
Cabo Verde,2013,30.924
Cabo Verde,2014,30.324
Cabo Verde,2015,33.614
Cabo Verde,2016,32.058
Cabo Verde,2017,32.824
Cabo Verde,2018,31.422000000000004
Cabo Verde,2019,31.312
Cambodia,2010,19.216
Cambodia,2011,17.652
Cambodia,2012,18.586000000000002
Cambodia,2013,19.56
Cambodia,2014,17.346000000000004
Cambodia,2015,17.766
Cambodia,2016,19.502
Cambodia,2017,17.178000000000004
Cambodia,2018,17.508
Cambodia,2019,18.136
Cameroon,2010,55.501999999999995
Cameroon,2011,56.42999999999999
Cameroon,2012,57.522000000000006
Cameroon,2013,55.096000000000004
Cameroon,2014,55.852
Cameroon,2015,61.362
Cameroon,2016,61.488
Cameroon,2017,61.657999999999994
Cameroon,2018,60.214
Cameroon,2019,58.77
Canada,2010,7.595999999999999
Canada,2011,7.712000000000001
Canada,2012,7.542
Canada,2013,7.25
Canada,2014,7.134
Canada,2015,7.016
Canada,2016,6.18
Canada,2017,6.779999999999999
Canada,2018,6.962000000000001
Canada,2019,6.264
Central African Republic,2010,29.881999999999998
Central African Republic,2011,30.870000000000005
Central African Republic,2012,29.808
Central African Republic,2013,28.692
Central African Republic,2014,29.874000000000002
Central African Republic,2015,31.184000000000005
Central African Republic,2016,31.062
Central African Republic,2017,29.770000000000003
Central African Republic,2018,30.381999999999998
Central African Republic,2019,29.228
Chad,2010,47.342
Chad,2011,48.160000000000004
Chad,2012,49.238
Chad,2013,46.49399999999999
Chad,2014,47.136
Chad,2015,51.338
Chad,2016,51.112
Chad,2017,51.196000000000005
Chad,2018,49.041999999999994
Chad,2019,47.513999999999996
Chile,2010,22.514
Chile,2011,22.75
Chile,2012,22.262
Chile,2013,24.110000000000003
Chile,2014,23.416000000000004
Chile,2015,24.421999999999997
Chile,2016,24.028
Chile,2017,22.97
Chile,2018,21.723999999999997
Chile,2019,20.733999999999998
China,2010,47.05200000000001
China,2011,51.77
China,2012,53.272000000000006
China,2013,64.728
China,2014,55.224000000000004
China,2015,51.58
China,2016,47.44
China,2017,46.722
China,2018,40.38199999999999
China,2019,37.998000000000005
Colombia,2010,17.714
Colombia,2011,18.168
Colombia,2012,17.496
Colombia,2013,18.416000000000004
Colombia,2014,17.518
Colombia,2015,17.654
Colombia,2016,17.204
Colombia,2017,16.201999999999998
Colombia,2018,15.002
Colombia,2019,14.3
Comoros,2010,13.754
Comoros,2011,13.906
Comoros,2012,14.182000000000002
Comoros,2013,14.092000000000002
Comoros,2014,14.262
Comoros,2015,14.556000000000001
Comoros,2016,14.173999999999998
Comoros,2017,14.311999999999998
Comoros,2018,14.440000000000001
Comoros,2019,14.394
Congo,2010,32.654
Congo,2011,32.894
Congo,2012,32.236000000000004
Congo,2013,32.544
Congo,2014,31.276
Congo,2015,31.609999999999996
Congo,2016,33.017999999999994
Congo,2017,32.013999999999996
Congo,2018,32.775999999999996
Congo,2019,33.392
Cook Islands,2010,7.487500000000001
Cook Islands,2011,7.315
Cook Islands,2012,7.455
Cook Islands,2013,7.455
Cook Islands,2014,7.3825
Cook Islands,2015,7.4725
Cook Islands,2016,7.640000000000001
Cook Islands,2017,7.625
Cook Islands,2018,7.789999999999999
Cook Islands,2019,7.827500000000001
Costa Rica,2010,18.29
Costa Rica,2011,19.119999999999997
Costa Rica,2012,18.456000000000003
Costa Rica,2013,19.086000000000002
Costa Rica,2014,17.986
Costa Rica,2015,18.27
Costa Rica,2016,17.814
Costa Rica,2017,17.006
Costa Rica,2018,15.557999999999998
Costa Rica,2019,14.663999999999998
Cote d'Ivoire,2010,41.082
Cote d'Ivoire,2011,42.494
Cote d'Ivoire,2012,42.958
Cote d'Ivoire,2013,41.306
Cote d'Ivoire,2014,41.385999999999996
Cote d'Ivoire,2015,45.88
Cote d'Ivoire,2016,44.674
Cote d'Ivoire,2017,44.29
Cote d'Ivoire,2018,43.954
Cote d'Ivoire,2019,42.626
Croatia,2010,21.104
Croatia,2011,22.188
Croatia,2012,20.0
Croatia,2013,19.046
Croatia,2014,19.208000000000002
Croatia,2015,18.76
Croatia,2016,17.832
Croatia,2017,18.332
Croatia,2018,19.088
Croatia,2019,15.38
Cuba,2010,14.363999999999999
Cuba,2011,13.774000000000001
Cuba,2012,14.794
Cuba,2013,14.288
Cuba,2014,14.788
Cuba,2015,15.273999999999997
Cuba,2016,15.608
Cuba,2017,15.901999999999997
Cuba,2018,15.376
Cuba,2019,14.336000000000002
Cyprus,2010,18.856
Cyprus,2011,17.881999999999998
Cyprus,2012,16.512
Cyprus,2013,16.398000000000003
Cyprus,2014,15.142
Cyprus,2015,15.39
Cyprus,2016,13.918000000000001
Cyprus,2017,14.856
Cyprus,2018,15.656
Cyprus,2019,14.766
Czechia,2010,20.552
Czechia,2011,21.102
Czechia,2012,19.066
Czechia,2013,18.328
Czechia,2014,18.536
Czechia,2015,17.75
Czechia,2016,16.85
Czechia,2017,17.216
Czechia,2018,17.726
Czechia,2019,14.529999999999998
Democratic People's Republic of Korea,2010,51.562
Democratic People's Republic of Korea,2011,56.414
Democratic People's Republic of Korea,2012,57.778
Democratic People's Republic of Korea,2013,70.04400000000001
Democratic People's Republic of Korea,2014,61.398
Democratic People's Republic of Korea,2015,57.75
Democratic People's Republic of Korea,2016,52.221999999999994
Democratic People's Republic of Korea,2017,51.49400000000001
Democratic People's Republic of Korea,2018,44.55
Democratic People's Republic of Korea,2019,42.42999999999999
Democratic Republic of the Congo,2010,34.448
Democratic Republic of the Congo,2011,34.128
Democratic Republic of the Congo,2012,34.71
Democratic Republic of the Congo,2013,34.658
Democratic Republic of the Congo,2014,34.006
Democratic Republic of the Congo,2015,34.646
Democratic Republic of the Congo,2016,35.553999999999995
Democratic Republic of the Congo,2017,33.94799999999999
Democratic Republic of the Congo,2018,34.116
Democratic Republic of the Congo,2019,34.233999999999995
Denmark,2010,12.443999999999999
Denmark,2011,13.154
Denmark,2012,11.594
Denmark,2013,11.108
Denmark,2014,10.52
Denmark,2015,10.854
Denmark,2016,9.896
Denmark,2017,10.086
Denmark,2018,10.136
Denmark,2019,9.77
Djibouti,2010,20.401999999999997
Djibouti,2011,20.626
Djibouti,2012,21.026
Djibouti,2013,20.554000000000002
Djibouti,2014,19.862000000000002
Djibouti,2015,20.226000000000003
Djibouti,2016,20.296
Djibouti,2017,21.018
Djibouti,2018,20.4
Djibouti,2019,20.034
Dominica,2010,7.865
Dominica,2011,7.700000000000001
Dominica,2012,8.12
Dominica,2013,7.8925
Dominica,2014,8.355
Dominica,2015,8.81
Dominica,2016,8.875
Dominica,2017,9.225
Dominica,2018,8.742500000000001
Dominica,2019,8.2125
Dominican Republic,2010,7.478
Dominican Republic,2011,7.0
Dominican Republic,2012,7.42
Dominican Republic,2013,7.1739999999999995
Dominican Republic,2014,7.65
Dominican Republic,2015,7.8260000000000005
Dominican Republic,2016,7.9719999999999995
Dominican Republic,2017,8.272
Dominican Republic,2018,7.956
Dominican Republic,2019,7.535999999999999
Ecuador,2010,17.544
Ecuador,2011,17.162000000000003
Ecuador,2012,17.804
Ecuador,2013,18.195999999999998
Ecuador,2014,18.619999999999997
Ecuador,2015,17.800000000000004
Ecuador,2016,17.234
Ecuador,2017,15.9
Ecuador,2018,16.445999999999998
Ecuador,2019,16.619999999999997
Egypt,2010,57.812
Egypt,2011,56.294000000000004
Egypt,2012,57.544000000000004
Egypt,2013,58.806000000000004
Egypt,2014,58.702
Egypt,2015,58.434000000000005
Egypt,2016,58.79600000000001
Egypt,2017,58.839999999999996
Egypt,2018,59.036
Egypt,2019,59.936
El Salvador,2010,26.932
El Salvador,2011,28.312
El Salvador,2012,26.853999999999996
El Salvador,2013,28.606
El Salvador,2014,27.034
El Salvador,2015,27.174
El Salvador,2016,26.432
El Salvador,2017,24.926000000000002
El Salvador,2018,23.342000000000002
El Salvador,2019,22.136000000000003
Equatorial Guinea,2010,25.044000000000004
Equatorial Guinea,2011,26.046
Equatorial Guinea,2012,26.677999999999997
Equatorial Guinea,2013,25.297999999999995
Equatorial Guinea,2014,25.083999999999996
Equatorial Guinea,2015,28.871999999999996
Equatorial Guinea,2016,28.215999999999998
Equatorial Guinea,2017,28.074
Equatorial Guinea,2018,27.727999999999998
Equatorial Guinea,2019,26.663999999999998
Eritrea,2010,23.133999999999997
Eritrea,2011,23.415999999999997
Eritrea,2012,23.392
Eritrea,2013,22.92
Eritrea,2014,22.038
Eritrea,2015,23.062
Eritrea,2016,23.040000000000003
Eritrea,2017,24.178
Eritrea,2018,23.592000000000002
Eritrea,2019,23.488
Estonia,2010,8.538
Estonia,2011,7.718000000000001
Estonia,2012,7.44
Estonia,2013,7.696000000000001
Estonia,2014,7.910000000000001
Estonia,2015,6.8
Estonia,2016,6.244
Estonia,2017,5.944000000000001
Estonia,2018,6.7540000000000004
Estonia,2019,6.398000000000001
Eswatini,2010,15.45
Eswatini,2011,15.187999999999999
Eswatini,2012,15.222
Eswatini,2013,15.386000000000001
Eswatini,2014,15.562000000000001
Eswatini,2015,15.301999999999998
Eswatini,2016,15.047999999999998
Eswatini,2017,15.248
Eswatini,2018,15.430000000000001
Eswatini,2019,15.568000000000001
Ethiopia,2010,22.692
Ethiopia,2011,22.804000000000002
Ethiopia,2012,22.508000000000003
Ethiopia,2013,22.506
Ethiopia,2014,22.401999999999997
Ethiopia,2015,22.574
Ethiopia,2016,22.624000000000002
Ethiopia,2017,22.666000000000004
Ethiopia,2018,22.69
Ethiopia,2019,22.268
Fiji,2010,7.58
Fiji,2011,7.342499999999999
Fiji,2012,7.43
Fiji,2013,7.4425
Fiji,2014,7.59
Fiji,2015,7.655
Fiji,2016,7.77
Fiji,2017,7.834999999999999
Fiji,2018,7.909999999999998
Fiji,2019,7.7175
Finland,2010,7.678
Finland,2011,7.659999999999999
Finland,2012,6.866
Finland,2013,6.732000000000001
Finland,2014,6.254
Finland,2015,6.29
Finland,2016,5.818
Finland,2017,5.7700000000000005
Finland,2018,5.973999999999999
Finland,2019,5.8340000000000005
France,2010,14.669999999999998
France,2011,14.946000000000002
France,2012,13.49
France,2013,13.15
France,2014,12.064
France,2015,12.398
France,2016,11.424000000000001
France,2017,11.47
France,2018,11.406
France,2019,10.620000000000001
Gabon,2010,27.666000000000004
Gabon,2011,27.832
Gabon,2012,28.296000000000003
Gabon,2013,27.714
Gabon,2014,27.288
Gabon,2015,28.838
Gabon,2016,29.318
Gabon,2017,28.631999999999998
Gabon,2018,29.0
Gabon,2019,29.088
Gambia,2010,37.318000000000005
Gambia,2011,37.46
Gambia,2012,38.774
Gambia,2013,36.516
Gambia,2014,37.70399999999999
Gambia,2015,39.574
Gambia,2016,38.612
Gambia,2017,40.14
Gambia,2018,39.456
Gambia,2019,38.666000000000004
Georgia,2010,23.366
Georgia,2011,26.578000000000003
Georgia,2012,26.177999999999997
Georgia,2013,24.440000000000005
Georgia,2014,23.244
Georgia,2015,23.048000000000002
Georgia,2016,22.694
Georgia,2017,21.479999999999997
Georgia,2018,21.067999999999998
Georgia,2019,19.427999999999997
Germany,2010,15.202000000000002
Germany,2011,15.562000000000001
Germany,2012,13.882
Germany,2013,13.388
Germany,2014,12.579999999999998
Germany,2015,12.751999999999999
Germany,2016,11.754000000000001
Germany,2017,11.873999999999999
Germany,2018,11.787999999999998
Germany,2019,10.814
Ghana,2010,45.042
Ghana,2011,46.858
Ghana,2012,47.25000000000001
Ghana,2013,45.529999999999994
Ghana,2014,45.242000000000004
Ghana,2015,51.182
Ghana,2016,50.75000000000001
Ghana,2017,49.468
Ghana,2018,49.076
Ghana,2019,47.007999999999996
Greece,2010,19.788
Greece,2011,19.65
Greece,2012,17.774
Greece,2013,17.406
Greece,2014,15.687999999999999
Greece,2015,16.526
Greece,2016,15.248000000000001
Greece,2017,15.27
Greece,2018,15.764
Greece,2019,14.685999999999998
Grenada,2010,9.405000000000001
Grenada,2011,9.2425
Grenada,2012,9.7925
Grenada,2013,9.547500000000001
Grenada,2014,10.180000000000001
Grenada,2015,10.77
Grenada,2016,10.5975
Grenada,2017,11.147499999999999
Grenada,2018,10.575000000000001
Grenada,2019,10.09
Guatemala,2010,26.401999999999997
Guatemala,2011,27.810000000000002
Guatemala,2012,26.132000000000005
Guatemala,2013,27.645999999999997
Guatemala,2014,25.637999999999998
Guatemala,2015,25.821999999999996
Guatemala,2016,25.406
Guatemala,2017,24.218
Guatemala,2018,22.08
Guatemala,2019,21.096
Guinea,2010,37.95
Guinea,2011,38.102
Guinea,2012,39.836
Guinea,2013,37.258
Guinea,2014,38.632
Guinea,2015,40.465999999999994
Guinea,2016,40.594
Guinea,2017,40.03
Guinea,2018,39.362
Guinea,2019,38.898
Guinea-Bissau,2010,35.686
Guinea-Bissau,2011,35.976
Guinea-Bissau,2012,37.17800000000001
Guinea-Bissau,2013,34.938
Guinea-Bissau,2014,36.374
Guinea-Bissau,2015,38.082
Guinea-Bissau,2016,36.833999999999996
Guinea-Bissau,2017,38.540000000000006
Guinea-Bissau,2018,37.85600000000001
Guinea-Bissau,2019,36.769999999999996
Guyana,2010,10.644
Guyana,2011,10.23
Guyana,2012,10.916
Guyana,2013,10.568
Guyana,2014,11.246
Guyana,2015,11.9
Guyana,2016,11.941999999999998
Guyana,2017,12.22
Guyana,2018,11.7
Guyana,2019,11.28
Haiti,2010,9.528
Haiti,2011,9.016
Haiti,2012,9.574
Haiti,2013,9.334
Haiti,2014,9.888000000000002
Haiti,2015,10.104000000000001
Haiti,2016,10.322
Haiti,2017,10.575999999999999
Haiti,2018,10.198
Haiti,2019,9.658
Honduras,2010,22.665999999999997
Honduras,2011,24.967999999999996
Honduras,2012,22.745999999999995
Honduras,2013,24.79
Honduras,2014,23.362
Honduras,2015,23.338
Honduras,2016,22.880000000000003
Honduras,2017,21.316
Honduras,2018,20.264
Honduras,2019,19.154
Hungary,2010,19.91
Hungary,2011,20.720000000000002
Hungary,2012,18.47
Hungary,2013,17.784
Hungary,2014,18.062
Hungary,2015,17.518
Hungary,2016,16.514000000000003
Hungary,2017,16.948
Hungary,2018,17.594
Hungary,2019,14.528
Iceland,2010,7.2299999999999995
Iceland,2011,7.802
Iceland,2012,6.948
Iceland,2013,6.68
Iceland,2014,6.306
Iceland,2015,6.712000000000001
Iceland,2016,5.938000000000001
Iceland,2017,6.002000000000001
Iceland,2018,6.138
Iceland,2019,6.034000000000001
India,2010,55.96600000000001
India,2011,55.843999999999994
India,2012,56.49400000000001
India,2013,59.028
India,2014,56.67
India,2015,56.254
India,2016,53.73199999999999
India,2017,52.0
India,2018,56.23199999999999
India,2019,50.87
Indonesia,2010,20.674
Indonesia,2011,19.168
Indonesia,2012,20.321999999999996
Indonesia,2013,20.974
Indonesia,2014,18.908
Indonesia,2015,19.362000000000002
Indonesia,2016,20.862000000000002
Indonesia,2017,18.458000000000002
Indonesia,2018,18.5
Indonesia,2019,19.35
Iran (Islamic Republic of),2010,30.644
Iran (Islamic Republic of),2011,30.398000000000003
Iran (Islamic Republic of),2012,30.522000000000002
Iran (Islamic Republic of),2013,30.456
Iran (Islamic Republic of),2014,30.174
Iran (Islamic Republic of),2015,30.9
Iran (Islamic Republic of),2016,30.597999999999995
Iran (Islamic Republic of),2017,31.556
Iran (Islamic Republic of),2018,33.02
Iran (Islamic Republic of),2019,32.724000000000004
Iraq,2010,40.238
Iraq,2011,39.536
Iraq,2012,39.562
Iraq,2013,39.586
Iraq,2014,37.726
Iraq,2015,40.128
Iraq,2016,39.706
Iraq,2017,40.023999999999994
Iraq,2018,41.154
Iraq,2019,40.524
Ireland,2010,10.1
Ireland,2011,10.806000000000001
Ireland,2012,9.614
Ireland,2013,9.506
Ireland,2014,8.906
Ireland,2015,9.33
Ireland,2016,8.226000000000003
Ireland,2017,8.282
Ireland,2018,8.459999999999999
Ireland,2019,8.347999999999999
Israel,2010,23.848
Israel,2011,23.384000000000004
Israel,2012,21.848000000000003
Israel,2013,21.748
Israel,2014,20.124
Israel,2015,21.336
Israel,2016,19.606
Israel,2017,19.306
Israel,2018,19.952
Israel,2019,19.217999999999996
Italy,2010,20.002000000000002
Italy,2011,20.616000000000003
Italy,2012,18.422
Italy,2013,17.812
Italy,2014,16.601999999999997
Italy,2015,17.188
Italy,2016,15.74
Italy,2017,15.654
Italy,2018,15.892
Italy,2019,14.154
Jamaica,2010,14.922
Jamaica,2011,13.989999999999998
Jamaica,2012,15.057999999999998
Jamaica,2013,14.658000000000001
Jamaica,2014,15.725999999999999
Jamaica,2015,16.136000000000003
Jamaica,2016,16.354
Jamaica,2017,16.7
Jamaica,2018,16.119999999999997
Jamaica,2019,15.192000000000002
Japan,2010,14.042000000000002
Japan,2011,13.736
Japan,2012,12.219999999999999
Japan,2013,13.278
Japan,2014,13.25
Japan,2015,12.598
Japan,2016,12.394000000000002
Japan,2017,11.748
Japan,2018,10.74
Japan,2019,10.714000000000002
Jordan,2010,24.51
Jordan,2011,24.596
Jordan,2012,24.924
Jordan,2013,24.836000000000002
Jordan,2014,24.412
Jordan,2015,25.294
Jordan,2016,24.824
Jordan,2017,25.232
Jordan,2018,25.802000000000003
Jordan,2019,25.822000000000003
Kazakhstan,2010,36.17
Kazakhstan,2011,41.082
Kazakhstan,2012,41.239999999999995
Kazakhstan,2013,38.666
Kazakhstan,2014,36.534
Kazakhstan,2015,36.452000000000005
Kazakhstan,2016,36.086
Kazakhstan,2017,34.172000000000004
Kazakhstan,2018,33.525999999999996
Kazakhstan,2019,31.082
Kenya,2010,12.219999999999999
Kenya,2011,12.273999999999997
Kenya,2012,12.302
Kenya,2013,12.284
Kenya,2014,12.312000000000001
Kenya,2015,12.35
Kenya,2016,12.372
Kenya,2017,12.366
Kenya,2018,12.424
Kenya,2019,12.376
Kiribati,2010,7.7125
Kiribati,2011,7.720000000000001
Kiribati,2012,7.635
Kiribati,2013,7.647500000000001
Kiribati,2014,7.41
Kiribati,2015,7.390000000000001
Kiribati,2016,7.7299999999999995
Kiribati,2017,7.715
Kiribati,2018,7.75
Kiribati,2019,7.69
Kuwait,2010,64.506
Kuwait,2011,63.418000000000006
Kuwait,2012,63.78000000000001
Kuwait,2013,63.672000000000004
Kuwait,2014,60.132000000000005
Kuwait,2015,64.26599999999999
Kuwait,2016,62.504
Kuwait,2017,63.7
Kuwait,2018,64.06800000000001
Kuwait,2019,62.17999999999999
Kyrgyzstan,2010,45.968
Kyrgyzstan,2011,52.148
Kyrgyzstan,2012,51.758
Kyrgyzstan,2013,48.932
Kyrgyzstan,2014,45.839999999999996
Kyrgyzstan,2015,45.836
Kyrgyzstan,2016,45.269999999999996
Kyrgyzstan,2017,42.796
Kyrgyzstan,2018,42.144000000000005
Kyrgyzstan,2019,38.626
Lao People's Democratic Republic,2010,24.578
Lao People's Democratic Republic,2011,21.824000000000005
Lao People's Democratic Republic,2012,23.412
Lao People's Democratic Republic,2013,24.308
Lao People's Democratic Republic,2014,21.740000000000002
Lao People's Democratic Republic,2015,22.166000000000004
Lao People's Democratic Republic,2016,24.812
Lao People's Democratic Republic,2017,21.294
Lao People's Democratic Republic,2018,21.342
Lao People's Democratic Republic,2019,22.81
Latvia,2010,17.304000000000002
Latvia,2011,15.831999999999999
Latvia,2012,15.074000000000002
Latvia,2013,15.836000000000002
Latvia,2014,16.174
Latvia,2015,14.080000000000002
Latvia,2016,12.767999999999999
Latvia,2017,12.016
Latvia,2018,13.478
Latvia,2019,12.604000000000001
Lebanon,2010,23.886000000000003
Lebanon,2011,23.08
Lebanon,2012,23.662
Lebanon,2013,23.57
Lebanon,2014,23.5
Lebanon,2015,24.146
Lebanon,2016,23.773999999999997
Lebanon,2017,23.326
Lebanon,2018,23.810000000000002
Lebanon,2019,23.952
Lesotho,2010,19.066
Lesotho,2011,18.438
Lesotho,2012,18.142000000000003
Lesotho,2013,18.384000000000004
Lesotho,2014,18.535999999999998
Lesotho,2015,18.258000000000003
Lesotho,2016,18.03
Lesotho,2017,18.39
Lesotho,2018,18.424
Lesotho,2019,18.188
Liberia,2010,33.98800000000001
Liberia,2011,34.583999999999996
Liberia,2012,36.626
Liberia,2013,34.342
Liberia,2014,35.772000000000006
Liberia,2015,38.742000000000004
Liberia,2016,36.82
Liberia,2017,37.077999999999996
Liberia,2018,36.827999999999996
Liberia,2019,36.824
Libya,2010,30.062
Libya,2011,27.508000000000003
Libya,2012,27.127999999999997
Libya,2013,29.556
Libya,2014,29.174
Libya,2015,28.086000000000002
Libya,2016,29.151999999999997
Libya,2017,27.48
Libya,2018,29.508
Libya,2019,28.964000000000006
Lithuania,2010,14.648
Lithuania,2011,13.492
Lithuania,2012,12.877999999999997
Lithuania,2013,13.360000000000003
Lithuania,2014,13.642
Lithuania,2015,12.088
Lithuania,2016,10.884
Lithuania,2017,10.472
Lithuania,2018,11.741999999999999
Lithuania,2019,10.956
Luxembourg,2010,12.332
Luxembourg,2011,12.588
Luxembourg,2012,11.284
Luxembourg,2013,10.998000000000001
Luxembourg,2014,10.24
Luxembourg,2015,10.419999999999998
Luxembourg,2016,9.72
Luxembourg,2017,9.812000000000001
Luxembourg,2018,9.688
Luxembourg,2019,8.884
Madagascar,2010,17.804
Madagascar,2011,17.898
Madagascar,2012,17.534
Madagascar,2013,17.874000000000002
Madagascar,2014,17.558
Madagascar,2015,17.782000000000004
Madagascar,2016,17.756
Madagascar,2017,17.124000000000002
Madagascar,2018,17.482
Madagascar,2019,17.362
Malawi,2010,19.412
Malawi,2011,19.544
Malawi,2012,19.662
Malawi,2013,19.424
Malawi,2014,19.401999999999997
Malawi,2015,19.503999999999998
Malawi,2016,19.272
Malawi,2017,19.157999999999998
Malawi,2018,19.308
Malawi,2019,19.258
Malaysia,2010,22.846
Malaysia,2011,21.184
Malaysia,2012,22.416
Malaysia,2013,23.328
Malaysia,2014,20.938
Malaysia,2015,21.56
Malaysia,2016,23.009999999999998
Malaysia,2017,20.478
Malaysia,2018,20.588
Malaysia,2019,21.609999999999996
Maldives,2010,13.556000000000001
Maldives,2011,12.538
Maldives,2012,13.442000000000002
Maldives,2013,13.844
Maldives,2014,12.24
Maldives,2015,12.384
Maldives,2016,13.825999999999999
Maldives,2017,12.648
Maldives,2018,12.602
Maldives,2019,13.14
Mali,2010,41.394000000000005
Mali,2011,40.61
Mali,2012,42.128
Mali,2013,38.339999999999996
Mali,2014,40.67999999999999
Mali,2015,43.047999999999995
Mali,2016,42.352
Mali,2017,42.598
Mali,2018,42.04600000000001
Mali,2019,40.681999999999995
Malta,2010,16.052
Malta,2011,15.398
Malta,2012,13.466
Malta,2013,13.39
Malta,2014,12.998
Malta,2015,12.957999999999998
Malta,2016,12.41
Malta,2017,11.796
Malta,2018,12.898
Malta,2019,12.094
Marshall Islands,2010,7.4025
Marshall Islands,2011,7.2125
Marshall Islands,2012,7.255000000000001
Marshall Islands,2013,7.3375
Marshall Islands,2014,7.11
Marshall Islands,2015,7.239999999999999
Marshall Islands,2016,7.3925
Marshall Islands,2017,7.28
Marshall Islands,2018,7.2825
Marshall Islands,2019,7.345000000000001
Mauritania,2010,41.36
Mauritania,2011,43.966
Mauritania,2012,44.91799999999999
Mauritania,2013,42.93
Mauritania,2014,43.344
Mauritania,2015,46.35
Mauritania,2016,44.944
Mauritania,2017,45.944
Mauritania,2018,44.962
Mauritania,2019,44.331999999999994
Mauritius,2010,10.612
Mauritius,2011,10.55
Mauritius,2012,10.613999999999999
Mauritius,2013,10.652
Mauritius,2014,10.664000000000001
Mauritius,2015,10.76
Mauritius,2016,10.74
Mauritius,2017,10.372
Mauritius,2018,10.466
Mauritius,2019,10.502
Mexico,2010,21.648000000000003
Mexico,2011,23.01
Mexico,2012,21.759999999999998
Mexico,2013,22.714000000000002
Mexico,2014,21.086000000000002
Mexico,2015,21.336000000000002
Mexico,2016,20.773999999999997
Mexico,2017,19.991999999999997
Mexico,2018,18.334
Mexico,2019,17.438
Micronesia (Federated States of),2010,7.655
Micronesia (Federated States of),2011,7.4325
Micronesia (Federated States of),2012,7.572500000000001
Micronesia (Federated States of),2013,7.7575
Micronesia (Federated States of),2014,7.4875
Micronesia (Federated States of),2015,7.782500000000001
Micronesia (Federated States of),2016,7.8425
Micronesia (Federated States of),2017,7.75
Micronesia (Federated States of),2018,7.7725
Micronesia (Federated States of),2019,7.940000000000001
Monaco,2010,11.910000000000002
Monaco,2011,12.37
Monaco,2012,11.160000000000002
Monaco,2013,10.770000000000001
Monaco,2014,9.97
Monaco,2015,10.41
Monaco,2016,9.53
Monaco,2017,9.63
Monaco,2018,9.88
Monaco,2019,9.21
Mongolia,2010,50.71
Mongolia,2011,57.652
Mongolia,2012,58.2
Mongolia,2013,53.976
Mongolia,2014,51.972
Mongolia,2015,52.488
Mongolia,2016,51.964
Mongolia,2017,49.408
Mongolia,2018,47.72
Mongolia,2019,44.614
Montenegro,2010,25.026000000000003
Montenegro,2011,26.15
Montenegro,2012,25.988
Montenegro,2013,22.496000000000002
Montenegro,2014,22.368000000000002
Montenegro,2015,21.674
Montenegro,2016,20.698
Montenegro,2017,21.86
Montenegro,2018,22.518
Montenegro,2019,18.622
Morocco,2010,13.166000000000002
Morocco,2011,13.272
Morocco,2012,13.228
Morocco,2013,12.86
Morocco,2014,13.25
Morocco,2015,13.464000000000002
Morocco,2016,13.536000000000001
Morocco,2017,13.901999999999997
Morocco,2018,13.565999999999999
Morocco,2019,13.418000000000001
Mozambique,2010,17.106
Mozambique,2011,16.799999999999997
Mozambique,2012,16.908
Mozambique,2013,17.122
Mozambique,2014,17.194
Mozambique,2015,17.148000000000003
Mozambique,2016,16.826
Mozambique,2017,16.714000000000002
Mozambique,2018,17.144
Mozambique,2019,16.928
Myanmar,2010,29.726
Myanmar,2011,27.0
Myanmar,2012,28.824
Myanmar,2013,29.65
Myanmar,2014,26.380000000000003
Myanmar,2015,26.833999999999996
Myanmar,2016,29.54
Myanmar,2017,26.226
Myanmar,2018,26.339999999999996
Myanmar,2019,27.445999999999998
Namibia,2010,12.504
Namibia,2011,12.666
Namibia,2012,12.776
Namibia,2013,12.424000000000001
Namibia,2014,12.526
Namibia,2015,12.484
Namibia,2016,12.49
Namibia,2017,12.568000000000001
Namibia,2018,12.486
Namibia,2019,12.426
Nauru,2010,7.0175
Nauru,2011,7.094999999999999
Nauru,2012,6.9275
Nauru,2013,6.8950000000000005
Nauru,2014,6.715
Nauru,2015,6.8075
Nauru,2016,6.855
Nauru,2017,6.965
Nauru,2018,7.0975
Nauru,2019,6.9175
Nepal,2010,40.274
Nepal,2011,39.97
Nepal,2012,40.844
Nepal,2013,42.232000000000006
Nepal,2014,40.646
Nepal,2015,40.136
Nepal,2016,38.648
Nepal,2017,36.982
Nepal,2018,40.25
Nepal,2019,36.584
Netherlands (Kingdom of the),2010,14.883999999999997
Netherlands (Kingdom of the),2011,15.402000000000001
Netherlands (Kingdom of the),2012,13.632
Netherlands (Kingdom of the),2013,13.086000000000002
Netherlands (Kingdom of the),2014,12.382
Netherlands (Kingdom of the),2015,12.478
Netherlands (Kingdom of the),2016,11.501999999999999
Netherlands (Kingdom of the),2017,11.530000000000001
Netherlands (Kingdom of the),2018,11.388000000000002
Netherlands (Kingdom of the),2019,10.646
New Zealand,2010,9.35
New Zealand,2011,8.536
New Zealand,2012,7.6739999999999995
New Zealand,2013,7.508
New Zealand,2014,7.196
New Zealand,2015,6.938
New Zealand,2016,6.906000000000001
New Zealand,2017,7.146000000000001
New Zealand,2018,7.448
New Zealand,2019,8.616
Nicaragua,2010,20.316
Nicaragua,2011,21.35
Nicaragua,2012,20.494
Nicaragua,2013,21.639999999999997
Nicaragua,2014,20.622
Nicaragua,2015,21.046
Nicaragua,2016,19.954
Nicaragua,2017,18.842000000000002
Nicaragua,2018,17.586
Nicaragua,2019,16.306
Niger,2010,52.122
Niger,2011,52.129999999999995
Niger,2012,52.464
Niger,2013,50.29200000000001
Niger,2014,51.424
Niger,2015,55.681999999999995
Niger,2016,55.294000000000004
Niger,2017,55.166
Niger,2018,53.564
Niger,2019,52.924
Nigeria,2010,52.622
Nigeria,2011,53.525999999999996
Nigeria,2012,54.354
Nigeria,2013,52.803999999999995
Nigeria,2014,53.812
Nigeria,2015,57.041999999999994
Nigeria,2016,56.962
Nigeria,2017,57.227999999999994
Nigeria,2018,56.418000000000006
Nigeria,2019,55.60600000000001
Niue,2010,6.44
Niue,2011,6.34
Niue,2012,6.43
Niue,2013,6.41
Niue,2014,6.52
Niue,2015,6.53
Niue,2016,6.75
Niue,2017,6.64
Niue,2018,6.73
Niue,2019,6.74
North Macedonia,2010,36.727999999999994
North Macedonia,2011,38.934000000000005
North Macedonia,2012,36.17
North Macedonia,2013,32.826
North Macedonia,2014,32.25
North Macedonia,2015,31.326
North Macedonia,2016,29.918
North Macedonia,2017,31.002000000000002
North Macedonia,2018,31.851999999999997
North Macedonia,2019,26.71
Norway,2010,8.532
Norway,2011,9.008
Norway,2012,7.9300000000000015
Norway,2013,7.710000000000001
Norway,2014,7.138
Norway,2015,7.352000000000001
Norway,2016,6.828
Norway,2017,6.854000000000001
Norway,2018,6.81
Norway,2019,6.7540000000000004
Oman,2010,36.288
Oman,2011,36.56400000000001
Oman,2012,37.61800000000001
Oman,2013,36.902
Oman,2014,35.324
Oman,2015,36.437999999999995
Oman,2016,36.1
Oman,2017,36.518
Oman,2018,37.248000000000005
Oman,2019,35.279999999999994
Pakistan,2010,57.114
Pakistan,2011,56.04
Pakistan,2012,56.968
Pakistan,2013,59.788
Pakistan,2014,56.943999999999996
Pakistan,2015,56.56
Pakistan,2016,54.303999999999995
Pakistan,2017,52.6
Pakistan,2018,57.088
Pakistan,2019,50.688
Palau,2010,7.2925
Palau,2011,7.6725
Palau,2012,7.842500000000001
Palau,2013,7.835
Palau,2014,7.824999999999999
Palau,2015,8.077499999999999
Palau,2016,7.64
Palau,2017,7.55
Palau,2018,7.8225
Palau,2019,7.8675
Panama,2010,14.191999999999998
Panama,2011,14.85
Panama,2012,14.588
Panama,2013,15.274000000000001
Panama,2014,14.585999999999999
Panama,2015,14.936000000000002
Panama,2016,14.1
Panama,2017,13.45
Panama,2018,12.429999999999998
Panama,2019,11.834
Papua New Guinea,2010,8.978
Papua New Guinea,2011,8.600000000000001
Papua New Guinea,2012,8.708
Papua New Guinea,2013,8.734
Papua New Guinea,2014,8.734
Papua New Guinea,2015,9.288
Papua New Guinea,2016,9.049999999999999
Papua New Guinea,2017,9.22
Papua New Guinea,2018,9.309999999999999
Papua New Guinea,2019,9.218
Paraguay,2010,16.701999999999998
Paraguay,2011,16.22
Paraguay,2012,15.620000000000001
Paraguay,2013,14.648000000000001
Paraguay,2014,14.430000000000001
Paraguay,2015,13.317999999999998
Paraguay,2016,13.617999999999999
Paraguay,2017,16.758
Paraguay,2018,12.428
Paraguay,2019,12.598000000000003
Peru,2010,29.839999999999996
Peru,2011,28.766000000000002
Peru,2012,30.291999999999994
Peru,2013,30.794
Peru,2014,31.814
Peru,2015,30.613999999999997
Peru,2016,29.802
Peru,2017,28.074
Peru,2018,29.169999999999998
Peru,2019,29.424
Philippines,2010,24.076
Philippines,2011,22.357999999999997
Philippines,2012,23.59
Philippines,2013,24.448
Philippines,2014,21.754
Philippines,2015,22.262
Philippines,2016,24.134000000000004
Philippines,2017,21.836000000000002
Philippines,2018,21.714
Philippines,2019,22.660000000000004
Poland,2010,26.892000000000003
Poland,2011,27.586000000000002
Poland,2012,24.979999999999997
Poland,2013,23.852
Poland,2014,23.946000000000005
Poland,2015,23.041999999999998
Poland,2016,21.786
Poland,2017,22.398000000000003
Poland,2018,22.955999999999996
Poland,2019,19.192
Portugal,2010,10.592
Portugal,2011,10.72
Portugal,2012,9.464
Portugal,2013,9.474
Portugal,2014,7.924000000000001
Portugal,2015,8.703999999999999
Portugal,2016,8.443999999999999
Portugal,2017,9.05
Portugal,2018,7.922
Portugal,2019,7.364
Qatar,2010,62.432
Qatar,2011,61.948
Qatar,2012,61.982000000000006
Qatar,2013,59.7
Qatar,2014,56.65400000000001
Qatar,2015,64.062
Qatar,2016,59.61999999999999
Qatar,2017,61.370000000000005
Qatar,2018,60.952
Qatar,2019,57.524
Republic of Korea,2010,29.665999999999997
Republic of Korea,2011,29.203999999999997
Republic of Korea,2012,26.046
Republic of Korea,2013,28.402000000000005
Republic of Korea,2014,28.808
Republic of Korea,2015,27.464
Republic of Korea,2016,27.118000000000002
Republic of Korea,2017,25.715999999999998
Republic of Korea,2018,23.58
Republic of Korea,2019,23.927999999999997
Republic of Moldova,2010,17.168
Republic of Moldova,2011,15.98
Republic of Moldova,2012,15.144
Republic of Moldova,2013,15.402000000000001
Republic of Moldova,2014,15.943999999999999
Republic of Moldova,2015,13.879999999999999
Republic of Moldova,2016,12.776
Republic of Moldova,2017,12.234
Republic of Moldova,2018,13.570000000000002
Republic of Moldova,2019,12.618
Romania,2010,18.532
Romania,2011,19.163999999999998
Romania,2012,17.416000000000004
Romania,2013,16.374000000000002
Romania,2014,16.36
Romania,2015,15.797999999999998
Romania,2016,15.234
Romania,2017,15.712
Romania,2018,15.947999999999999
Romania,2019,13.592000000000002
Russian Federation,2010,12.274000000000001
Russian Federation,2011,10.854000000000001
Russian Federation,2012,10.536
Russian Federation,2013,10.788
Russian Federation,2014,11.138000000000002
Russian Federation,2015,9.784
Russian Federation,2016,8.983999999999998
Russian Federation,2017,8.64
Russian Federation,2018,9.51
Russian Federation,2019,9.15
Rwanda,2010,34.74
Rwanda,2011,35.19199999999999
Rwanda,2012,35.72
Rwanda,2013,35.244
Rwanda,2014,35.322
Rwanda,2015,35.056
Rwanda,2016,35.32600000000001
Rwanda,2017,35.072
Rwanda,2018,35.31
Rwanda,2019,36.058
Saint Kitts and Nevis,2010,7.7299999999999995
Saint Kitts and Nevis,2011,7.345000000000001
Saint Kitts and Nevis,2012,7.7175
Saint Kitts and Nevis,2013,7.5625
Saint Kitts and Nevis,2014,8.0175
Saint Kitts and Nevis,2015,8.3775
Saint Kitts and Nevis,2016,8.4375
Saint Kitts and Nevis,2017,8.7425
Saint Kitts and Nevis,2018,8.3725
Saint Kitts and Nevis,2019,7.842499999999999
Saint Lucia,2010,8.412500000000001
Saint Lucia,2011,8.3225
Saint Lucia,2012,8.7925
Saint Lucia,2013,8.5375
Saint Lucia,2014,9.0875
Saint Lucia,2015,9.6025
Saint Lucia,2016,9.5475
Saint Lucia,2017,10.0125
Saint Lucia,2018,9.4975
Saint Lucia,2019,8.965
Saint Vincent and the Grenadines,2010,8.764999999999999
Saint Vincent and the Grenadines,2011,8.665
Saint Vincent and the Grenadines,2012,9.1425
Saint Vincent and the Grenadines,2013,8.885000000000002
Saint Vincent and the Grenadines,2014,9.4575
Saint Vincent and the Grenadines,2015,9.997499999999999
Saint Vincent and the Grenadines,2016,9.955
Saint Vincent and the Grenadines,2017,10.4
Saint Vincent and the Grenadines,2018,9.844999999999999
Saint Vincent and the Grenadines,2019,9.327499999999999
Samoa,2010,7.49
Samoa,2011,7.575
Samoa,2012,7.645
Samoa,2013,7.7275
Samoa,2014,7.637499999999999
Samoa,2015,7.8475
Samoa,2016,7.702500000000001
Samoa,2017,7.755
Samoa,2018,7.860000000000001
Samoa,2019,7.865
San Marino,2010,13.020000000000001
San Marino,2011,13.44
San Marino,2012,12.12
San Marino,2013,11.72
San Marino,2014,11.0
San Marino,2015,11.42
San Marino,2016,10.33
San Marino,2017,10.55
San Marino,2018,10.81
San Marino,2019,9.85
Sao Tome and Principe,2010,31.471999999999998
Sao Tome and Principe,2011,32.392
Sao Tome and Principe,2012,32.948
Sao Tome and Principe,2013,32.136
Sao Tome and Principe,2014,31.853999999999996
Sao Tome and Principe,2015,33.862
Sao Tome and Principe,2016,34.2
Sao Tome and Principe,2017,33.422
Sao Tome and Principe,2018,33.598
Sao Tome and Principe,2019,33.438
Saudi Arabia,2010,59.267999999999994
Saudi Arabia,2011,58.681999999999995
Saudi Arabia,2012,61.152
Saudi Arabia,2013,59.403999999999996
Saudi Arabia,2014,55.00599999999999
Saudi Arabia,2015,60.812
Saudi Arabia,2016,58.20399999999999
Saudi Arabia,2017,61.01400000000001
Saudi Arabia,2018,60.67
Saudi Arabia,2019,59.114
Senegal,2010,37.827999999999996
Senegal,2011,38.82
Senegal,2012,40.3
Senegal,2013,38.238
Senegal,2014,38.932
Senegal,2015,41.230000000000004
Senegal,2016,39.968
Senegal,2017,41.178
Senegal,2018,40.392
Senegal,2019,39.57
Serbia,2010,29.660000000000004
Serbia,2011,30.912
Serbia,2012,28.05
Serbia,2013,26.372000000000003
Serbia,2014,26.484
Serbia,2015,25.529999999999998
Serbia,2016,24.432
Serbia,2017,25.130000000000003
Serbia,2018,26.05
Serbia,2019,21.904
Seychelles,2010,17.9725
Seychelles,2011,16.86
Seychelles,2012,17.895
Seychelles,2013,18.3475
Seychelles,2014,16.2975
Seychelles,2015,16.582500000000003
Seychelles,2016,18.2325
Seychelles,2017,16.439999999999998
Seychelles,2018,16.555
Seychelles,2019,17.035
Sierra Leone,2010,37.501999999999995
Sierra Leone,2011,38.402
Sierra Leone,2012,42.18
Sierra Leone,2013,38.83
Sierra Leone,2014,41.536
Sierra Leone,2015,43.614
Sierra Leone,2016,41.656
Sierra Leone,2017,41.486
Sierra Leone,2018,40.71600000000001
Sierra Leone,2019,40.598
Singapore,2010,15.842500000000001
Singapore,2011,15.504999999999999
Singapore,2012,14.2425
Singapore,2013,15.537499999999998
Singapore,2014,15.587499999999999
Singapore,2015,15.1475
Singapore,2016,14.502500000000001
Singapore,2017,13.325
Singapore,2018,12.29
Singapore,2019,12.4925
Slovakia,2010,21.973999999999997
Slovakia,2011,22.944
Slovakia,2012,20.508
Slovakia,2013,19.716
Slovakia,2014,19.774
Slovakia,2015,19.291999999999998
Slovakia,2016,18.208000000000002
Slovakia,2017,18.714
Slovakia,2018,19.308
Slovakia,2019,16.086
Slovenia,2010,20.206
Slovenia,2011,21.088
Slovenia,2012,19.227999999999998
Slovenia,2013,18.453999999999997
Slovenia,2014,18.380000000000003
Slovenia,2015,18.008000000000003
Slovenia,2016,17.162
Slovenia,2017,17.53
Slovenia,2018,18.226000000000003
Slovenia,2019,14.425999999999998
Solomon Islands,2010,7.831999999999999
Solomon Islands,2011,7.741999999999999
Solomon Islands,2012,7.828
Solomon Islands,2013,7.953999999999999
Solomon Islands,2014,8.032
Solomon Islands,2015,8.272
Solomon Islands,2016,8.202000000000002
Solomon Islands,2017,8.244
Solomon Islands,2018,8.405999999999999
Solomon Islands,2019,8.266
Somalia,2010,14.3
Somalia,2011,14.472
Somalia,2012,14.592000000000002
Somalia,2013,14.258000000000001
Somalia,2014,14.282
Somalia,2015,14.278
Somalia,2016,14.388
Somalia,2017,14.496
Somalia,2018,14.423999999999998
Somalia,2019,14.280000000000001
South Africa,2010,18.478
South Africa,2011,18.43
South Africa,2012,18.412
South Africa,2013,18.524
South Africa,2014,18.668
South Africa,2015,18.796
South Africa,2016,18.708
South Africa,2017,18.992
South Africa,2018,19.112
South Africa,2019,19.294
South Sudan,2010,22.018
South Sudan,2011,22.326
South Sudan,2012,22.552000000000003
South Sudan,2013,22.176
South Sudan,2014,21.887999999999998
South Sudan,2015,22.634
South Sudan,2016,23.094
South Sudan,2017,22.456
South Sudan,2018,22.616000000000003
South Sudan,2019,20.834
Spain,2010,12.728
Spain,2011,13.094
Spain,2012,11.84
Spain,2013,11.224
Spain,2014,10.314
Spain,2015,11.114
Spain,2016,10.044
Spain,2017,10.21
Spain,2018,10.08
Spain,2019,9.344
Sri Lanka,2010,25.119999999999997
Sri Lanka,2011,23.330000000000002
Sri Lanka,2012,24.746000000000002
Sri Lanka,2013,25.621999999999996
Sri Lanka,2014,22.782
Sri Lanka,2015,23.199999999999996
Sri Lanka,2016,25.602000000000004
Sri Lanka,2017,23.109999999999996
Sri Lanka,2018,23.242
Sri Lanka,2019,24.005999999999997
Sudan,2010,23.074
Sudan,2011,23.682
Sudan,2012,23.733999999999998
Sudan,2013,23.058
Sudan,2014,22.435999999999996
Sudan,2015,23.663999999999998
Sudan,2016,23.49
Sudan,2017,23.866
Sudan,2018,23.022
Sudan,2019,22.509999999999998
Suriname,2010,11.582
Suriname,2011,11.336
Suriname,2012,12.091999999999999
Suriname,2013,11.696000000000002
Suriname,2014,12.478
Suriname,2015,13.222
Suriname,2016,13.156
Suriname,2017,13.576000000000002
Suriname,2018,13.012
Suriname,2019,12.416
Sweden,2010,7.739999999999999
Sweden,2011,7.9719999999999995
Sweden,2012,7.0920000000000005
Sweden,2013,6.790000000000001
Sweden,2014,6.459999999999999
Sweden,2015,6.531999999999999
Sweden,2016,6.023999999999999
Sweden,2017,6.072
Sweden,2018,6.234
Sweden,2019,6.086
Switzerland,2010,12.716
Switzerland,2011,12.959999999999999
Switzerland,2012,11.700000000000001
Switzerland,2013,11.344
Switzerland,2014,10.475999999999999
Switzerland,2015,10.782
Switzerland,2016,9.956000000000001
Switzerland,2017,9.854000000000001
Switzerland,2018,9.974
Switzerland,2019,8.937999999999999
Syrian Arab Republic,2010,25.076
Syrian Arab Republic,2011,24.625999999999998
Syrian Arab Republic,2012,24.73
Syrian Arab Republic,2013,24.476000000000003
Syrian Arab Republic,2014,24.188
Syrian Arab Republic,2015,24.806
Syrian Arab Republic,2016,24.477999999999998
Syrian Arab Republic,2017,24.883999999999997
Syrian Arab Republic,2018,25.165999999999997
Syrian Arab Republic,2019,25.198
Tajikistan,2010,65.61
Tajikistan,2011,74.264
Tajikistan,2012,73.976
Tajikistan,2013,69.502
Tajikistan,2014,65.68199999999999
Tajikistan,2015,65.48
Tajikistan,2016,64.90400000000001
Tajikistan,2017,61.462
Tajikistan,2018,60.63199999999999
Tajikistan,2019,55.50599999999999
Thailand,2010,26.651999999999997
Thailand,2011,24.491999999999997
Thailand,2012,25.988
Thailand,2013,26.95
Thailand,2014,23.924
Thailand,2015,24.382
Thailand,2016,26.674
Thailand,2017,23.822
Thailand,2018,23.951999999999998
Thailand,2019,24.89
Timor-Leste,2010,21.248
Timor-Leste,2011,20.048000000000002
Timor-Leste,2012,21.218
Timor-Leste,2013,21.660000000000004
Timor-Leste,2014,19.724
Timor-Leste,2015,19.892000000000003
Timor-Leste,2016,21.704
Timor-Leste,2017,19.972
Timor-Leste,2018,20.136
Timor-Leste,2019,20.948
Togo,2010,35.257999999999996
Togo,2011,36.166
Togo,2012,36.368
Togo,2013,35.16199999999999
Togo,2014,35.254
Togo,2015,38.754
Togo,2016,37.971999999999994
Togo,2017,37.674
Togo,2018,37.274
Togo,2019,36.098
Tonga,2010,7.217499999999999
Tonga,2011,7.125
Tonga,2012,7.1725
Tonga,2013,7.1625
Tonga,2014,7.272499999999999
Tonga,2015,7.324999999999999
Tonga,2016,7.470000000000001
Tonga,2017,7.455
Tonga,2018,7.5424999999999995
Tonga,2019,7.5975
Trinidad and Tobago,2010,9.815999999999999
Trinidad and Tobago,2011,9.466000000000001
Trinidad and Tobago,2012,9.998
Trinidad and Tobago,2013,9.813999999999998
Trinidad and Tobago,2014,10.37
Trinidad and Tobago,2015,10.969999999999999
Trinidad and Tobago,2016,10.982000000000003
Trinidad and Tobago,2017,11.302000000000001
Trinidad and Tobago,2018,10.748000000000001
Trinidad and Tobago,2019,10.292
Tunisia,2010,26.715999999999998
Tunisia,2011,25.618000000000002
Tunisia,2012,25.454
Tunisia,2013,25.738
Tunisia,2014,27.048000000000002
Tunisia,2015,26.182
Tunisia,2016,27.619999999999997
Tunisia,2017,26.151999999999997
Tunisia,2018,27.276
Tunisia,2019,26.558
Turkmenistan,2010,31.68
Turkmenistan,2011,36.102
Turkmenistan,2012,35.814
Turkmenistan,2013,33.718
Turkmenistan,2014,32.082
Turkmenistan,2015,31.633999999999997
Turkmenistan,2016,31.394
Turkmenistan,2017,29.651999999999997
Turkmenistan,2018,29.419999999999998
Turkmenistan,2019,26.677999999999997
Tuvalu,2010,6.76
Tuvalu,2011,6.95
Tuvalu,2012,6.87
Tuvalu,2013,6.81
Tuvalu,2014,6.78
Tuvalu,2015,6.95
Tuvalu,2016,6.7
Tuvalu,2017,6.85
Tuvalu,2018,6.94
Tuvalu,2019,6.81
Türkiye,2010,23.817999999999998
Türkiye,2011,23.304
Türkiye,2012,22.796
Türkiye,2013,23.145999999999997
Türkiye,2014,22.918
Türkiye,2015,22.98
Türkiye,2016,22.541999999999998
Türkiye,2017,22.892000000000003
Türkiye,2018,23.279999999999994
Türkiye,2019,23.246000000000002
Uganda,2010,32.318
Uganda,2011,32.56
Uganda,2012,33.17
Uganda,2013,32.824
Uganda,2014,32.489999999999995
Uganda,2015,32.72
Uganda,2016,33.124
Uganda,2017,32.32
Uganda,2018,32.8
Uganda,2019,32.42
Ukraine,2010,18.086
Ukraine,2011,16.802
Ukraine,2012,15.838
Ukraine,2013,16.226
Ukraine,2014,16.828
Ukraine,2015,14.878
Ukraine,2016,13.532
Ukraine,2017,13.13
Ukraine,2018,14.442000000000002
Ukraine,2019,13.697999999999999
United Arab Emirates,2010,42.212
United Arab Emirates,2011,41.977999999999994
United Arab Emirates,2012,42.374
United Arab Emirates,2013,41.408
United Arab Emirates,2014,40.022
United Arab Emirates,2015,42.492000000000004
United Arab Emirates,2016,41.588
United Arab Emirates,2017,41.938
United Arab Emirates,2018,41.726
United Arab Emirates,2019,40.352
United Kingdom of Great Britain and Northern Ireland,2010,12.638
United Kingdom of Great Britain and Northern Ireland,2011,12.895999999999997
United Kingdom of Great Britain and Northern Ireland,2012,11.662
United Kingdom of Great Britain and Northern Ireland,2013,11.361999999999998
United Kingdom of Great Britain and Northern Ireland,2014,10.535999999999998
United Kingdom of Great Britain and Northern Ireland,2015,10.67
United Kingdom of Great Britain and Northern Ireland,2016,9.798
United Kingdom of Great Britain and Northern Ireland,2017,9.718
United Kingdom of Great Britain and Northern Ireland,2018,9.703999999999999
United Kingdom of Great Britain and Northern Ireland,2019,9.188
United Republic of Tanzania,2010,15.7
United Republic of Tanzania,2011,15.592000000000002
United Republic of Tanzania,2012,15.814000000000002
United Republic of Tanzania,2013,15.624
United Republic of Tanzania,2014,15.616
United Republic of Tanzania,2015,15.858
United Republic of Tanzania,2016,15.864
United Republic of Tanzania,2017,15.463999999999999
United Republic of Tanzania,2018,15.675999999999998
United Republic of Tanzania,2019,15.629999999999999
United States of America,2010,9.216
United States of America,2011,9.288
United States of America,2012,9.0
United States of America,2013,8.684000000000001
United States of America,2014,8.553999999999998
United States of America,2015,8.249999999999998
United States of America,2016,7.481999999999999
United States of America,2017,7.894
United States of America,2018,8.074000000000002
United States of America,2019,7.136
Uruguay,2010,9.170000000000002
Uruguay,2011,9.186
Uruguay,2012,9.016000000000002
Uruguay,2013,9.702
Uruguay,2014,9.502
Uruguay,2015,9.882
Uruguay,2016,9.724
Uruguay,2017,9.252
Uruguay,2018,8.796
Uruguay,2019,8.458000000000002
Uzbekistan,2010,50.722
Uzbekistan,2011,57.576
Uzbekistan,2012,57.30800000000001
Uzbekistan,2013,53.884
Uzbekistan,2014,50.82
Uzbekistan,2015,50.602
Uzbekistan,2016,50.176
Uzbekistan,2017,47.44199999999999
Uzbekistan,2018,46.525999999999996
Uzbekistan,2019,42.767999999999994
Vanuatu,2010,8.275
Vanuatu,2011,8.4175
Vanuatu,2012,8.370000000000001
Vanuatu,2013,8.4925
Vanuatu,2014,8.5
Vanuatu,2015,8.7775
Vanuatu,2016,8.8025
Vanuatu,2017,8.825
Vanuatu,2018,9.002500000000001
Vanuatu,2019,8.68
Venezuela (Bolivarian Republic of),2010,20.814
Venezuela (Bolivarian Republic of),2011,20.842
Venezuela (Bolivarian Republic of),2012,19.997999999999998
Venezuela (Bolivarian Republic of),2013,21.128
Venezuela (Bolivarian Republic of),2014,19.956
Venezuela (Bolivarian Republic of),2015,20.26
Venezuela (Bolivarian Republic of),2016,19.794
Venezuela (Bolivarian Republic of),2017,18.830000000000002
Venezuela (Bolivarian Republic of),2018,17.162
Venezuela (Bolivarian Republic of),2019,16.302
Viet Nam,2010,22.502000000000002
Viet Nam,2011,20.798
Viet Nam,2012,21.796
Viet Nam,2013,22.752
Viet Nam,2014,20.187999999999995
Viet Nam,2015,20.574
Viet Nam,2016,22.482
Viet Nam,2017,20.194
Viet Nam,2018,20.18
Viet Nam,2019,20.978
Yemen,2010,39.279999999999994
Yemen,2011,41.5
Yemen,2012,42.928000000000004
Yemen,2013,41.524
Yemen,2014,38.73400000000001
Yemen,2015,41.513999999999996
Yemen,2016,40.410000000000004
Yemen,2017,41.815999999999995
Yemen,2018,42.136
Yemen,2019,42.086
Zambia,2010,17.848
Zambia,2011,18.154000000000003
Zambia,2012,18.356
Zambia,2013,17.990000000000002
Zambia,2014,18.06
Zambia,2015,18.206
Zambia,2016,18.124000000000002
Zambia,2017,17.804000000000002
Zambia,2018,17.81
Zambia,2019,17.714
Zimbabwe,2010,13.786000000000001
Zimbabwe,2011,13.783999999999997
Zimbabwe,2012,13.741999999999999
Zimbabwe,2013,13.608
Zimbabwe,2014,13.63
Zimbabwe,2015,13.780000000000001
Zimbabwe,2016,13.61
Zimbabwe,2017,13.666
Zimbabwe,2018,13.628
Zimbabwe,2019,13.594
"occupied Palestinian territory, including east Jerusalem",2010,29.053999999999995
"occupied Palestinian territory, including east Jerusalem",2011,28.454
"occupied Palestinian territory, including east Jerusalem",2012,29.113999999999997
"occupied Palestinian territory, including east Jerusalem",2013,29.476
"occupied Palestinian territory, including east Jerusalem",2014,29.65
"occupied Palestinian territory, including east Jerusalem",2015,30.116000000000003
"occupied Palestinian territory, including east Jerusalem",2016,29.910000000000004
"occupied Palestinian territory, including east Jerusalem",2017,29.534000000000002
"occupied Palestinian territory, including east Jerusalem",2018,30.206
"occupied Palestinian territory, including east Jerusalem",2019,30.496000000000002
